,#,Name,Country,Latitude,Longitude
0,1,Abbeville,France,50.10608349942843,1.8337029
1,2,Achères,France,48.960632099702075,2.0698106
2,3,Acoua,France,-12.724324500184663,45.0589372
3,4,Agde,France,43.31347870054157,3.4771629
4,5,Agen,France,44.20158270052466,0.6176112
5,6,Aire-sur-la-Lys,France,50.639593699316144,2.4000602
6,7,Aix-les-Bains,France,45.68862920038802,5.9146361999999995
7,8,Albert,France,50.0018021994519,2.6509223
8,9,Albertville,France,45.67546220038983,6.392541699999999
9,10,Albi,France,43.92775520053492,2.147899
10,11,Albina,France,5.498482999473295,-54.057453699999996
11,12,Alençon,France,48.431205899833124,0.09113739999999998
12,13,Alès,France,44.12536650052798,4.0852818
13,14,Alfortville,France,48.80516239974066,2.4197113
14,15,Allauch,France,43.33513810054171,5.483268699999999
15,16,Allonnes,France,47.969282999944994,0.1578819
16,17,Ambarès-et-Lagrave,France,44.925901100475144,-0.48818459999999997
17,18,Ambérieu-en-Bugey,France,45.9584309003489,5.3595099
18,19,Ambert,France,45.55043380040642,3.7426390000000005
19,20,Amboise,France,47.41103510007348,0.983698
0,21,Amilly,France,47.977885299942955,2.7673116999999996
1,22,Amnéville,France,49.26036129962811,6.142073899999999
2,23,Ancenis,France,47.36481410008367,-1.1816088
3,24,Andrésy,France,48.982144499696744,2.0610573
4,25,Anglet,France,43.48139270054197,-1.5149934999999999
5,26,Angoulême,France,45.651274800393104,0.1576745
6,27,Annemasse,France,46.19340050031148,6.234109299999999
7,28,Annonay,France,45.23996390044357,4.667547500000001
8,29,Antibes,France,43.58360000054139,7.10905
9,30,Antony,France,48.75355399975344,2.2959422999999997
10,31,Anzin,France,50.37039659937103,3.5020684
11,32,Apt,France,43.87579360053636,5.3970648
12,33,Arcachon,France,44.653942800497575,-1.1755714
13,34,Arcueil,France,48.80649959974033,2.3366502
14,35,Argelès-sur-Mer,France,42.549044700520035,3.0300792999999997
15,36,Argentan,France,48.742885899756104,-0.0223695
16,37,Argenton-sur-Creuse,France,46.58868220024185,1.5191029
17,38,Arles,France,43.677622300540314,4.630965299999999
18,39,Armentières,France,50.68672809930696,2.882169
19,40,Arnouville,France,48.98921259969501,2.4202823999999996
0,41,Arpajon,France,48.59028989979389,2.2477303
1,42,Arras,France,50.291047999387914,2.7772210999999998
2,43,Arsac,France,44.99718660046852,-0.6883739
3,44,Asnières-sur-Seine,France,48.91059479971452,2.2890454
4,45,Athis-Mons,France,48.70790279976478,2.3890940999999994
5,46,Aubagne,France,43.292438500541394,5.570303099999999
6,47,Aubenas,France,44.62054760050001,4.390239899999999
7,48,Aubergenville,France,48.959139199702456,1.8554319
8,49,Aubervilliers,France,48.914607799713494,2.3821894999999995
9,50,Aubière,France,45.751257500379324,3.1144195
10,51,Aubusson,France,45.95468960034947,2.1672725
11,52,Auch,France,43.64635580054074,0.5850506999999999
12,53,Auchel,France,50.50374919934333,2.4682058999999996
13,54,Audincourt,France,47.48197860005769,6.8413683999999995
14,55,Aulnay-sous-Bois,France,48.934230999708625,2.499789
15,56,Aulnoye-Aymeries,France,50.20025019940762,3.8336383
16,57,Auray,France,47.66644850001583,-2.9833718000000005
17,58,Aurillac,France,44.92854410047491,2.4433101
18,59,Auriol,France,43.368843600541865,5.629861099999999
19,60,Auterive,France,43.352402800541796,1.4775095
0,61,Autun,France,46.95103130017125,4.2989478
1,62,Auxerre,France,47.796128699985815,3.5705789999999995
2,63,Avallon,France,47.48853650005622,3.9070658
3,64,Avion,France,50.412612799362186,2.8343891
4,65,Avon,France,48.40488669983958,2.7207224999999995
5,66,Avranches,France,48.686208499770146,-1.3579476
6,67,Avrillé,France,47.50456570005263,-0.5956539
7,68,Bagneux,France,48.79505599974317,2.3027323
8,69,Bagnolet,France,48.868819899724855,2.4173658
9,70,Bagnols-sur-Cèze,France,44.160481000526495,4.623583099999999
10,71,Baie-Mahault,France,16.267945800055085,-61.5870766
11,72,Bailleul,France,50.739666799296806,2.7349285999999995
12,73,Balma,France,43.61122170054114,1.5057917
13,74,Bandraboua,France,-12.703811600182647,45.12338619999999
14,75,Bandrélé,France,-12.913218400203117,45.194967
15,76,Barbezieux,France,45.470916100416474,-0.1528181
16,77,Barcelonnette,France,44.386204300515146,6.6513554
17,78,Barentin,France,49.54596989955866,0.9522585999999998
18,79,Bar-le-Duc,France,48.77126729974906,5.1623805
19,80,Bar-sur-Aube,France,48.23320469988152,4.7058337
0,81,Basse-Terre,France,16.000077800024496,-61.733337299999995
1,82,Bastia,France,42.70655050052702,9.452541999999998
2,83,Bayeux,France,49.276462399624165,-0.7024738
3,84,Bayonne,France,43.49333790054192,-1.475099
4,85,Beaucaire,France,43.80854360053798,4.6392648
5,86,Beaumont,France,45.75384770037895,3.0870638
6,87,Beaune,France,47.02390640015635,4.838042599999999
7,88,Beausoleil,France,43.74828100053919,7.4219677
8,89,Beauvais,France,49.43009969958667,2.0823355
9,90,Bedous,France,42.99921910053653,-0.6002255
10,91,Bègles,France,44.8074559004855,-0.5488541999999998
11,92,Belfort,France,47.63795990002239,6.8628942
12,93,Bellac,France,46.12090360032334,1.0502545
13,94,Belleville-en-Beaujolais,France,46.10893820032527,4.748655299999999
14,95,Belley,France,45.76075800037799,5.6861466
15,96,Berck,France,50.405257599363715,1.5711616999999998
16,97,Bergerac,France,44.853456800481574,0.487531
17,98,Bernay,France,49.090227799670004,0.5989156999999999
18,99,Berre-l'Étang,France,43.475824900541966,5.1673492
19,100,Béthune,France,50.52234379933958,2.6385601
0,101,Betton,France,48.181712199894015,-1.6414898
1,102,Béziers,France,43.34265620054175,3.2131306999999993
2,103,Bezons,France,48.925001599710924,2.2105491
3,104,Biarritz,France,43.48325230054195,-1.5592776
4,105,Billère,France,43.30300440054149,-0.3905556
5,106,Bitche,France,49.050872899679725,7.425457700000001
6,107,Blagnac,France,43.64340000054078,1.37799
7,108,Blanquefort,France,44.90889820047669,-0.6300363
8,109,Blois,France,47.58768610003385,1.3337639
9,110,Bobigny,France,48.90638699971554,2.4452230999999998
10,111,Bois-Colombes,France,48.91482689971344,2.2674892
11,112,Bois-d'Arcy,France,48.79985599974198,2.0236069999999997
12,113,Bois-Guillaume,France,49.47047839957688,1.1200924
13,114,Boissy-Saint-Léger,France,48.74791929975485,2.5124717
14,115,Bolbec,France,49.57390909955196,0.4742448000000001
15,116,Bollène,France,44.280388200520854,4.7484092
16,117,Bondues,France,50.703462199303736,3.0921637999999994
17,118,Bondy,France,48.90309999971635,2.48291
18,119,Bonneuil-sur-Marne,France,48.773711599748445,2.4869009
19,120,Bonneville,France,46.0775797003303,6.4086189
0,121,Bouc-Bel-Air,France,43.451181900542004,5.412784799999999
1,122,Bouéni,France,-12.910708600202874,45.0801256
2,123,Bouguenais,France,47.17930100012378,-1.6233691
3,124,Boulogne-sur-Mer,France,50.7259984992994,1.6118770999999998
4,125,Bourg-de-Péage,France,45.03543750046483,5.0520015
5,126,Bourg-en-Bresse,France,46.205119200309525,5.2250324
6,127,Bourges,France,47.081439600144414,2.3986275000000004
7,128,Bourg-la-Reine,France,48.779517799747,2.3160849999999997
8,129,Bourg-lès-Valence,France,44.95282220047268,4.8953847
9,130,Bourgoin-Jallieu,France,45.58722590040163,5.2828123
10,131,Bourg-Saint-Maurice,France,45.61852840039749,6.769431299999999
11,132,Bras-Panon,France,-20.998743500306507,55.6847941
12,133,Bressuire,France,46.84255720019303,-0.4929017
13,134,Brétigny-sur-Orge,France,48.60998869978902,2.3075288
14,135,Briançon,France,44.89840370047764,6.6436313
15,136,Brie-Comte-Robert,France,48.6904521997691,2.6166736999999998
16,137,Brignais,France,45.67397550039002,4.7540703
17,138,Brignoles,France,43.40644010054198,6.0616452
18,139,Brioude,France,45.29389700043754,3.3853710999999995
19,140,Brive-la-Gaillarde,France,45.15849820045234,1.5332388999999997
0,141,Bron,France,45.73375320038178,4.9092351999999995
1,142,Brou,France,48.2156348998858,1.1660734
2,143,Bruay-la-Buissière,France,50.48219629934776,2.5461921999999997
3,144,Bruay-sur-l'Escaut,France,50.397276999365374,3.5379104999999997
4,145,Bruges,France,44.88423790047889,-0.6111473999999999
5,146,Brunoy,France,48.69793119976723,2.5044613
6,147,Bruz,France,48.02458139993183,-1.7471629
7,148,Bry-sur-Marne,France,48.83528719973319,2.5193322
8,149,Bully-les-Mines,France,50.44639999935515,2.7198899999999995
9,150,Bussy-Saint-Georges,France,48.84302569973126,2.6973858
10,151,Cabestany,France,42.67995140052592,2.9403263000000006
11,152,Cachan,France,48.79454129974328,2.3340758
12,153,Cagnes-sur-Mer,France,43.66120120054055,7.151383399999999
13,154,Cahors,France,44.44950000051139,1.4364999
14,155,Caluire-et-Cuire,France,45.79699520037281,4.8423304
15,156,Cambo-les-Bains,France,43.36091390054183,-1.3994687
16,157,Cambrai,France,50.175960199412955,3.2356612999999994
17,158,Canet-en-Roussillon,France,42.70435900052691,3.0105105
18,159,Cannes,France,43.55151980054164,7.013441799999999
19,160,Canteleu,France,49.45079869958165,1.0352069
0,161,Capesterre-Belle-Eau,France,16.042332200029364,-61.569727399999984
1,162,Carcassonne,France,43.21303580054056,2.3491069
2,163,Carentan,France,49.30328999961758,-1.2463444
3,164,Carhaix-Plouguer,France,48.27649969987099,-3.5711476999999996
4,165,Carmaux,France,44.04962960053092,2.1583033
5,166,Carpentras,France,44.055404300530704,5.0487681
6,167,Carquefou,France,47.29719790009845,-1.4921233
7,168,Carrières-sous-Poissy,France,48.94376939970627,2.0341747
8,169,Carrières-sur-Seine,France,48.91341119971379,2.1779082999999995
9,170,Carros,France,43.78460000053847,7.187849999999998
10,171,Carvin,France,50.49341449934547,2.9577518999999994
11,172,Castanet-Tolosan,France,43.51721400054181,1.4980801
12,173,Castelginest,France,43.692923100540106,1.4281537
13,174,Casteljaloux,France,44.31357840051914,0.08827029999999998
14,175,Castelnaudary,France,43.3192021005416,1.9533495
15,176,Castelnau-le-Lez,France,43.6393171005408,3.9133310999999997
16,177,Castelsarrasin,France,44.03951510053129,1.1072874999999998
17,178,Castres,France,43.60367760054121,2.2417953999999995
18,179,Caudry,France,50.124336299424385,3.4105032
19,180,Cavaillon,France,43.835680800537354,5.038352199999999
0,181,Cenon,France,44.855288200481404,-0.5239862999999999
1,182,Cergy,France,49.05275279967928,2.0388736
2,183,Cesson-Sévigné,France,48.11977989990896,-1.6038828999999997
3,184,Cestas,France,44.741157400490884,-0.6841225
4,185,Chalette-sur-Loing,France,48.01446389993424,2.7320233999999997
5,186,Challans,France,46.84794300019196,-1.8773786999999997
6,187,Châlons-en-Champagne,France,48.956621799703086,4.362885099999999
7,188,Chalon-sur-Saône,France,46.78889970020361,4.852960499999999
8,189,Chamalières,France,45.77320000037623,3.06115
9,190,Chambray-lès-Tours,France,47.339087200089324,0.7143679999999999
10,191,Chamonix-Mont-Blanc,France,45.92467050035402,6.8727506
11,192,Champagnole,France,46.745604900212015,5.908358099999999
12,193,Champigny-sur-Marne,France,48.81377589973851,2.5107383999999997
13,194,Champs-sur-Marne,France,48.85268919972886,2.6027219
14,195,Chantepie,France,48.08815499991658,-1.6171481999999997
15,196,Chantilly,France,49.19317359964462,2.4636685999999997
16,197,Charenton-le-Pont,France,48.819847899737006,2.4159507999999996
17,198,Charleville-Mézières,France,49.773571199504595,4.720693899999999
18,199,Charmes,France,48.372541199847525,6.293385599999999
19,200,Chartres,France,48.443860099830005,1.4881433999999998
0,201,Châteaubriant,France,47.71940570000364,-1.3757281999999997
1,202,Château-Chinon,France,47.06439770014795,3.9330027999999992
2,203,Châteaudun,France,48.07022979992088,1.3284947999999999
3,204,Château-Gontier,France,47.82630579997874,-0.7066665
4,205,Châteauneuf-les-Martigues,France,43.38042930054192,5.1646417
5,206,Châteaurenard,France,43.8820448005362,4.85568
6,207,Châteauroux,France,46.8047000002005,1.6957099
7,208,Château-Thierry,France,49.04573619968101,3.4027110999999994
8,209,Châtellerault,France,46.818004700197875,0.545812
9,210,Châtenay-Malabry,France,48.76704039975011,2.2775315999999997
10,211,Châtillon,France,48.79977559974197,2.2897123999999995
11,212,Châtillon-sur-Seine,France,47.86074669997067,4.574913899999999
12,213,Chatou,France,48.88970439971966,2.1573694999999997
13,214,Chaumont,France,48.11113239991107,5.1395849
14,215,Chauny,France,49.61489449954214,3.2189506
15,216,Chauvigny,France,46.569504800245404,0.6439464
16,217,Chaville,France,48.808691499739766,2.1883487
17,218,Chelles,France,48.878380399722495,2.590549
18,219,Chennevières-sur-Marne,France,48.7965000997428,2.5304419999999994
19,220,Chenôve,France,47.293200000099304,5.00308
0,221,Cherbourg-en-Cotentin,France,49.642534299535576,-1.6249565
1,222,Chevigny-Saint-Sauveur,France,47.297710600098334,5.138221800000001
2,223,Chevilly-Larue,France,48.77141529974903,2.3469255
3,224,Chiconi,France,-12.836231100195622,45.1127841
4,225,Chilly-Mazarin,France,48.7026160997661,2.3123581999999994
5,226,Chinon,France,47.16671820012646,0.24020949999999996
6,227,Choisy-le-Roi,France,48.7630237997511,2.4093664000000006
7,228,Cholet,France,47.061729300148514,-0.8801349
8,229,Cilaos,France,-21.1360575002928,55.472514999999994
9,230,Clamart,France,48.800367999741844,2.2630291999999996
10,231,Clamecy,France,47.45988950006263,3.5187552
11,232,Claye-Souilly,France,48.94608709970569,2.6883702999999994
12,233,Clermont,France,49.37809209959933,2.4141907
13,234,Clichy,France,48.902599999716465,2.3055099999999995
14,235,Clichy-sous-Bois,France,48.91093899971442,2.5460721999999993
15,236,Cluny,France,46.433913800270076,4.657570799999999
16,237,Cluses,France,46.060317100333066,6.580421799999999
17,238,Cognac,France,45.69316470038739,-0.3250175
18,239,Colombes,France,48.92278799971147,2.2543577
19,240,Colomiers,France,43.61210010054112,1.3282149
0,241,Combs-la-Ville,France,48.66469939977548,2.5648769999999996
1,242,Comines,France,50.76532649929195,3.0066318999999995
2,243,Comines-Warneton,France,50.76830549929136,3.0001174999999995
3,244,Commercy,France,48.763202999751044,5.5914753
4,245,Compiègne,France,49.417949699589606,2.8263171
5,246,Concarneau,France,47.875701699967145,-3.922388899999999
6,247,Condé-sur-l'Escaut,France,50.44834149935474,3.5928883000000003
7,248,Condom,France,43.956456300534064,0.3745929
8,249,Conflans-Sainte-Honorine,France,48.993879099693864,2.0949768
9,250,Corbeil-Essonnes,France,48.61377339978809,2.4818086999999998
10,251,Cormeilles-en-Parisis,France,48.9759636996983,2.1998877
11,252,Corte,France,42.30529040050679,9.1511935
12,253,Cosne-Cours-sur-Loire,France,47.411561300073366,2.9273936999999997
13,254,Coudekerque-Branche,France,51.02087799924584,2.3894321
14,255,Couëron,France,47.21150540011692,-1.7271465999999998
15,256,Coulommiers,France,48.81213009973891,3.0843817999999996
16,257,Courbevoie,France,48.895332799718275,2.2561602
17,258,Courcouronnes,France,48.61762379978712,2.4087212
18,259,Cournon-d'Auvergne,France,45.73911400038102,3.1961892999999995
19,260,Courrières,France,50.45209999935398,2.94621
0,261,Coutances,France,49.04779199968052,-1.4454857
1,262,Couzeix,France,45.87892140036086,1.2379651999999999
2,263,Creil,France,49.26079139962799,2.4733770999999996
3,264,Crépy-en-Valois,France,49.23585089963412,2.8900506999999998
4,265,Créteil,France,48.77714859974759,2.4530731
5,266,Creutzwald,France,49.205300899641614,6.696245099999999
6,267,Croix,France,50.68021239930821,3.1564365
7,268,Cugnaux,France,43.53699360054172,1.3457537000000002
8,269,Cusset,France,46.13242390032148,3.4602735999999994
9,270,Dammarie-les-Lys,France,48.51508759981245,2.6347018
10,271,Dax,France,43.70840650053986,-1.0518770999999998
11,272,Deauville,France,49.359999999603716,0.0752778
12,273,Decazeville,France,44.558514800504334,2.2542070999999995
13,274,Décines-Charpieu,France,45.77360600037615,4.9633313999999995
14,275,Denain,France,50.32709259938022,3.3943728999999996
15,276,Deshaies,France,16.306162700059414,-61.793897400000006
16,277,Deuil-la-Barre,France,48.97564229969836,2.3275141
17,278,Déville-lès-Rouen,France,49.4695337995771,1.0495889
18,279,Dieppe,France,49.9246181994695,1.0791444
19,280,Digne-les-Bains,France,44.09181440052933,6.2351431
0,281,Dinan,France,48.4539774998275,-2.047687
1,282,Dinard,France,48.632037899783555,-2.0580178
2,283,Dives-sur-Mer,France,49.28664169962166,-0.1001559
3,284,Dole,France,47.09210470014219,5.4925463
4,285,Domont,France,49.02855359968527,2.3278096999999995
5,286,Douai,France,50.36756769937165,3.0804641
6,287,Douarnenez,France,48.09444589991507,-4.3311243
7,288,Douchy-les-Mines,France,50.29888839938625,3.3909157999999997
8,289,Doué-la-Fontaine,France,47.193793500120705,-0.27619170000000004
9,290,Dourdan,France,48.528844199809086,2.0153688999999995
10,291,Dozulé,France,49.23145959963521,-0.04474569999999999
11,292,Draguignan,France,43.53746620054171,6.462733299999999
12,293,Drancy,France,48.922980299711426,2.4455200999999995
13,294,Draveil,France,48.68515139977042,2.4083575999999995
14,295,Dreux,France,48.73588069975784,1.3684254
15,296,Ducos,France,14.57432469985704,-60.9719008
16,297,Dugny,France,48.95381549970378,2.414733
17,298,Dzaoudzi,France,-12.78215100019034,45.25569229999999
18,299,Eaubonne,France,48.99066959969464,2.2794325999999994
19,300,Échirolles,France,45.14370000045391,5.71927
0,301,Écully,France,45.775449800375874,4.7785644
1,302,Élancourt,France,48.76811819974985,1.9493520000000002
2,303,Elbeuf,France,49.28710859962156,1.0108998
3,304,Embrun,France,44.56417640050396,6.495818900000001
4,305,Enghien-les-Bains,France,48.96997319969978,2.3068481999999997
5,306,Épernay,France,49.0425609996818,3.9528655
6,307,Épinal,France,48.17476839989568,6.4503643
7,308,Épinay-sous-Sénart,France,48.687699999769784,2.5161999999999995
8,309,Épinay-sur-Orge,France,48.67256219977352,2.324446
9,310,Épinay-sur-Seine,France,48.95251809970411,2.3145039
10,311,Éragny-sur-Oise,France,49.01921779968758,2.0910817
11,312,Ermont,France,48.991767599694384,2.2585678999999996
12,313,Ernée,France,48.296793499866034,-0.9351068999999997
13,314,Étampes,France,48.434462099832324,2.1614464
14,315,Étaples,France,50.513955199341275,1.6386252
15,316,Évreux,France,49.026890299685675,1.1510164
16,317,Évry,France,48.62416649978552,2.4289667
17,318,Eysines,France,44.88546670047877,-0.6486943
18,319,Faches-Thumesnil,France,50.60260309932345,3.0697877
19,320,Falaise,France,48.89647409971802,-0.1999129
0,321,Fameck,France,49.30434969961731,6.1041352
1,322,Fécamp,France,49.75777289950829,0.374891
2,323,Ferney-Voltaire,France,46.25557440030107,6.1076131
3,324,Figeac,France,44.609233500500814,2.0324320999999994
4,325,Firminy,France,45.3869468004267,4.2858545
5,326,Flers,France,48.746605899755174,-0.5676372999999999
6,327,Fleurance,France,43.84929500053701,0.6640617
7,328,Fleury-les-Aubrais,France,47.93091559995412,1.9208882999999999
8,329,Floirac,France,44.83270000048336,-0.5208229999999999
9,330,Florac,France,44.323818500518605,3.5940267
10,331,Florange,France,49.32780689961157,6.122827
11,332,Foix,France,42.96389980053564,1.6053807
12,333,Fondettes,France,47.4036631000751,0.5961846
13,334,Fonsorbes,France,43.53532730054174,1.2314988
14,335,Fontaine,France,45.19501830044845,5.6869624
15,336,Fontainebleau,France,48.40493749983958,2.7015872
16,337,Fontenay-aux-Roses,France,48.79110519974414,2.2870373
17,338,Fontenay-le-Comte,France,46.466077100264314,-0.8064003
18,339,Fontenay-le-Fleury,France,48.81065779973929,2.0461549
19,340,Fontenay-sous-Bois,France,48.849072099729746,2.4749346999999995
0,341,Forbach,France,49.18628219964631,6.895856199999999
1,342,Fos-sur-Mer,France,43.438071400542015,4.945594999999999
2,343,Fouesnant,France,47.89454019996271,-4.011536499999999
3,344,Fougères,France,48.350336199852954,-1.1958526
4,345,Fourmies,France,50.017174099448404,4.0458492
5,346,Francheville,France,45.735748000381484,4.7647303999999995
6,347,Franconville-la-Garenne,France,48.98602499969581,2.2303498
7,348,Fréjus,France,43.43303080054199,6.736018199999999
8,349,Fresnes,France,48.75466869975318,2.3227967
9,350,Freyming-Merlebach,France,49.146943699656,6.818482899999999
10,351,Frontignan,France,43.448761500542,3.7530636
11,352,Fuveau,France,43.453899700542,5.560919700000001
12,353,Gagny,France,48.88537079972073,2.5361783
13,354,Gaillac,France,43.90167660053566,1.8967943000000003
14,355,Gaillard,France,46.18384370031305,6.211168999999999
15,356,Gap,France,44.56120320050416,6.082063899999999
16,357,Garches,France,48.843748599731065,2.1853699
17,358,Gardanne,France,43.455613000542,5.4710661
18,359,Garges-lès-Gonesse,France,48.970384099699686,2.3990239999999994
19,360,Genas,France,45.73305850038187,4.9965605
0,361,Gennevilliers,France,48.92542209971082,2.2940121999999996
1,362,Gentilly,France,48.81536559973811,2.3483549
2,363,Gérardmer,France,48.07057719992082,6.877696499999999
3,364,Gerzat,France,45.82504040036876,3.1435184999999994
4,365,Gex,France,46.33243780028792,6.058883100000001
5,366,Gien,France,47.691857500009995,2.6313888999999997
6,367,Gif-sur-Yvette,France,48.701882299766275,2.134529
7,368,Gisors,France,49.278950399623554,1.7778259999999997
8,369,Givors,France,45.58442380040199,4.7696529
9,370,Gonesse,France,48.98635549969571,2.4500537
10,371,Gourdon,France,44.7370240004912,1.3820574999999997
11,372,Goussainville,France,49.03231679968433,2.4733628
12,373,Gradignan,France,44.77397010048825,-0.6139069999999999
13,374,Grande-Synthe,France,51.01348129924714,2.3029972
14,375,Granville,France,48.83762839973261,-1.5959213
15,376,Grasse,France,43.65890110054058,6.923910299999999
16,377,Graulhet,France,43.75780000053901,1.99723
17,378,Gravelines,France,50.987069699251684,2.1273117999999998
18,379,Gray,France,47.4455642000658,5.5919867
19,380,Grigny,France,48.655885999777674,2.3860487999999997
0,381,Gros-Morne,France,14.70995899987302,-61.00601069999999
1,382,Guérande,France,47.3282126000917,-2.4298013999999997
2,383,Guéret,France,46.16868650031556,1.8713349
3,384,Guidel,France,47.789422599987375,-3.4914954999999996
4,385,Guilherand-Granges,France,44.93254500047454,4.870827499999999
5,386,Guillestre,France,44.66166170049701,6.649772699999999
6,387,Guingamp,France,48.561848299800914,-3.1502006999999996
7,388,Guipavas,France,48.434636599832274,-4.400979000000001
8,389,Gujan-Mestras,France,44.63386020049904,-1.0845304
9,390,Guyancourt,France,48.77094139974913,2.0706084
10,391,Hagondange,France,49.25403129962963,6.1678213
11,392,Halluin,France,50.78266929928867,3.1249233999999997
12,393,Harnes,France,50.447409999354925,2.9068246
13,394,Haubourdin,France,50.60935539932211,2.9864420999999997
14,395,Hautmont,France,50.251370399396485,3.9200610999999994
15,396,Hayange,France,49.330435299610926,6.0636733
16,397,Hazebrouck,France,50.72261129930004,2.5360331
17,398,Hellemmes,France,50.62745279931855,3.1092154
18,399,Hem,France,50.6540894993133,3.1839428999999995
19,400,Hendaye,France,43.36415180054185,-1.7616499
0,401,Hénin-Beaumont,France,50.41943079936076,2.9469926
1,402,Hennebont,France,47.80572239998357,-3.2751147
2,403,Herblay-sur-Seine,France,48.989858799694865,2.166162
3,404,Héricourt,France,47.57514290003669,6.762531199999999
4,405,Hérouville-Saint-Clair,France,49.203109699642155,-0.3353513
5,406,Hirson,France,49.92034189947051,4.083718599999999
6,407,Honfleur,France,49.419722199589195,0.2338889
7,408,Houilles,France,48.922941599711436,2.1868998
8,409,Hyères,France,43.120257300539116,6.1301614
9,410,Ifs,France,49.141239299657414,-0.3506968999999999
10,411,Igny,France,48.74239609975623,2.2257833
11,412,Irun,France,43.336597401141404,-1.793361775204818
12,413,Issoire,France,45.54329730040733,3.2502212999999998
13,414,Issoudun,France,46.94778260017191,1.9889131000000002
14,415,Issy-les-Moulineaux,France,48.82505079973571,2.2734569999999996
15,416,Istres,France,43.513905100541834,4.9884323
16,417,Ivry-sur-Seine,France,48.8122301997389,2.3872524999999998
17,418,Jarny,France,49.15695859965354,5.8821708
18,419,Jarville-la-Malgrange,France,48.673537499773275,6.2023462
19,420,Jeumont,France,50.297101199386624,4.0996569
0,421,Joigny,France,47.98124859994215,3.3995767000000003
1,422,Joinville,France,48.44332529983015,5.1377537
2,423,Joinville-le-Pont,France,48.81837169973739,2.4668076999999995
3,424,Jonzac,France,45.445446900419626,-0.43209839999999994
4,425,Joué-lès-Tours,France,47.35109050008669,0.6622523999999999
5,426,Jouy-le-Moutier,France,49.011599999689466,2.03194
6,427,Juvignac,France,43.61407840054109,3.8101646000000002
7,428,Juvisy-sur-Orge,France,48.69040629976911,2.3738089999999996
8,429,Kani-Kéli,France,-12.956496100207309,45.1054296
9,430,Kawéni,France,-12.772728000189415,45.224798899999996
10,431,Koungou,France,-12.735753000185786,45.2067459
11,432,Kourou,France,5.158119699495606,-52.64263
12,433,La,Baule-Escoublac,France,47.284372600101236
13,434,La,Celle-Saint-Cloud,France,48.84787529973004
14,435,La,Chapelle-Saint-Luc,France,48.31854779986071
15,436,La,Chapelle-Saint-Mesmin,France,47.88698219996449
16,437,La,Chapelle-sur-Erdre,France,47.29968460009792
17,438,La,Châtre,France,46.58156780024317
18,439,La,Ciotat,France,43.175859100540045
19,440,La,Courneuve,France,48.92672359971051
0,441,La,Crau,France,43.149703400539636
1,442,La,Ferté-Bernard,France,48.18605759989295
2,443,La,Flèche,France,47.696840800008836
3,444,La,Garde,France,43.1249185005392
4,445,La,Garenne-Colombes,France,48.9069348997154
5,446,Lagny-sur-Marne,France,48.877301799722765,2.7056056
6,447,L'Aigle,France,48.76517129975056,0.6278039
7,448,La,Londe-les-Maures,France,43.13813130053943
8,449,La,Madeleine,France,50.65440099931325
9,450,Lamballe,France,48.468805799823855,-2.5174410999999997
10,451,Lambersart,France,50.64779239931453,3.0223644
11,452,Lamentin,France,16.27034230005536,-61.6303025
12,453,La,Motte-Servolex,France,45.598411300400166
13,454,Landerneau,France,48.45148029982812,-4.255790099999999
14,455,Landivisiau,France,48.512755099813035,-4.0699356
15,456,Lanester,France,47.76397259999331,-3.3444488999999997
16,457,La,Neuville-sur-Ressons,France,49.54994676089836
17,458,Langon,France,44.55306590050471,-0.24492740000000002
18,459,Langres,France,47.86556379996953,5.3314162
19,460,Lannion,France,48.73221829975874,-3.4587993999999997
0,461,Laon,France,49.56466499955419,3.620686
1,462,La,Plaine,des,Palmistes
2,463,La,Possession,France,-20.926965800313482
3,464,La,Queue-en-Brie,France,48.790333799744346
4,465,La,Riche,France,47.38140000008002
5,466,La,Rivière,France,-21.263560300279664
6,467,La,Roche-sur-Foron,France,46.06721890033196
7,468,La,Roche-sur-Yon,France,46.670543100226446
8,469,La,Seyne-sur-Mer,France,43.10077140053877
9,470,La,Souterraine,France,46.23833470030398
10,471,La,Teste-de-Buch,France,44.631694300499205
11,472,La,Trinité,France,43.74313960053927
12,473,La,Trinité,France,14.73803989987633
13,474,Lattes,France,43.565399300541536,3.9017114000000004
14,475,Laval,France,48.07066869992078,-0.7734022
15,476,La,Valette-du-Var,France,43.13782450053944
16,477,Lavaur,France,43.69893320054001,1.8151870000000003
17,478,Laxou,France,48.68487089977048,6.152223199999999
18,479,Le,Blanc,France,46.633292000233496
19,480,Le,Blanc-Mesnil,France,48.93854889970756
0,481,Le,Bourget,France,48.93514029970841
1,482,Le,Bouscat,France,44.866175500480466
2,483,Le,Cannet,France,43.57610760054145
3,484,Le,Chambon-Feugerolles,France,45.39665460042555
4,485,Le,Chesnay,France,48.827850599735015
5,486,Le,Creusot,France,46.80540640020037
6,487,Lectoure,France,43.9352778005347,0.6219444
7,488,Le,François,France,14.614995199861825
8,489,Le,Gosier,France,16.207211200048203
9,490,Le,Grand-Quevilly,France,49.406898599592296
10,491,Le,Haillan,France,44.87210500047994
11,492,Le,Kremlin-Bicêtre,France,48.812589299738804
12,493,Le,Lamentin,France,14.61455699986177
13,494,Le,Marin,France,14.471077799844908
14,495,Le,Mée-sur-Seine,France,48.538185899806756
15,496,Le,Molay-Littry,France,49.24264469963244
16,497,Le,Moule,France,16.331670900062285
17,498,Lens,France,50.42917229935872,2.8319804999999993
18,499,Léognan,France,44.72944740049181,-0.5997267
19,500,Le,Pecq,France,48.89767159971769
0,501,Le,Perreux-sur-Marne,France,48.84062699973186
1,502,Le,Petit-Quevilly,France,49.423799999588205
2,503,Le,Pian-Médoc,France,44.95490010047249
3,504,Le,Plessis-Robinson,France,48.78110489974662
4,505,Le,Plessis-Trévise,France,48.809152799739664
5,506,Le,Pont-de-Claix,France,45.12368370045597
6,507,Le,Pontet,France,43.962185800533895
7,508,Le,Pradet,France,43.10376080053882
8,509,Le,Pré-Saint-Gervais,France,48.88305649972132
9,510,Le,Puy-en-Velay,France,45.0459739004638
10,511,Le,Raincy,France,48.89866659971746
11,512,Le,Relecq-Kerhuon,France,48.40755139983893
12,513,Le,Robert,France,14.677614399869203
13,514,Les,Abymes,France,16.270643600055397
14,515,Les,Avirons,France,-21.242358200281878
15,516,Les,Clayes-sous-Bois,France,48.82144779973663
16,517,Les,Herbiers,France,46.8714322001873
17,518,Les,Lilas,France,48.87956579972221
18,519,Les,Mureaux,France,48.99315779969403
19,520,Les,Pavillons-sous-Bois,France,48.90829879971507
0,521,Les,Pennes-Mirabeau,France,43.409882200541986
1,522,Les,Ponts-de-Cé,France,47.42869620006958
2,523,Les,Sables-d'Olonne,France,46.499050500258335
3,524,Les,Ulis,France,48.681707999771255
4,525,Le,Taillan-Médoc,France,44.90440490047709
5,526,Le,Tampon,France,-21.277428500278212
6,527,L'Étang-Salé,France,-21.265781900279435,55.3668941
7,528,Le,Touquet-Paris-Plage,France,50.52112019933981
8,529,Levallois-Perret,France,48.89295599971885,2.2881682999999997
9,530,Le,Vauclin,France,14.545294099853622
10,531,Le,Vésinet,France,48.89425399971856
11,532,Lézignan-Corbières,France,43.2008841005404,2.7574981
12,533,L'Haÿ-les-Roses,France,48.77905139974713,2.3373021000000005
13,534,Libourne,France,44.913374200476284,-0.2427217
14,535,Lieusaint,France,48.63166079978365,2.5514783
15,536,Liévin,France,50.424499999359696,2.7738
16,537,Ligne,des,Bambous,France
17,538,Lillers,France,50.560599999331856,2.47604
18,539,Limay,France,48.99210149969429,1.7353686
19,540,Limeil-Brévannes,France,48.748985699754584,2.4809129
0,541,Limoux,France,43.05380680053781,2.2176533
1,542,Lisieux,France,49.146083099656224,0.22551679999999996
2,543,L'Isle-Adam,France,49.11252939966451,2.2186324
3,544,L'Isle-d'Abeau,France,45.6230017003969,5.229839799999999
4,545,L'Isle-Jourdain,France,43.614444400541096,1.0816667
5,546,L'Isle-sur-la-Sorgue,France,43.91853540053519,5.0515385
6,547,Livry-Gargan,France,48.91733499971284,2.5298854
7,548,Loches,France,47.12816920013461,0.9979549
8,549,Lodève,France,43.731060000539486,3.3189199999999994
9,550,Lognes,France,48.83841569973241,2.632722
10,551,Lomme,France,50.645702199314954,2.9870927
11,552,Longjumeau,France,48.694379299768116,2.2953297
12,553,Longuenesse,France,50.737099999297264,2.24833
13,554,Longuyon,France,49.446106599582784,5.600731999999999
14,555,Longwy,France,49.51455639956624,5.7679082
15,556,Lons,France,43.31540790054158,-0.40976369999999995
16,557,Lons-le-Saunier,France,46.67270370022604,5.5589973
17,558,Loos,France,50.60920819932213,3.0162523
18,559,Lorient,France,47.74773359999707,-3.3660906999999995
19,560,Lormont,France,44.87917080047933,-0.5216682999999999
0,561,Loudéac,France,48.17625339989534,-2.7535643999999997
1,562,Louhans,France,46.62914250023429,5.223217499999999
2,563,Lourdes,France,43.09409040053864,-0.04649749999999999
3,564,Louviers,France,49.21572449963906,1.1646335
4,565,Louvres,France,49.044913899681205,2.5096751
5,566,Lucé,France,48.436469599831824,1.4628645
6,567,Luçon,France,46.4555953002662,-1.1645595
7,568,Lunel,France,43.67452650054036,4.134806200000001
8,569,Lunéville,France,48.59161639979357,6.491956299999999
9,570,L'Union,France,43.65015180054069,1.4846885
10,571,Lure,France,47.686337600011264,6.494680599999999
11,572,Luxeuil-les-Bains,France,47.8171769999809,6.380886499999999
12,573,Lys-lez-Lannoy,France,50.67129999930996,3.21621
13,574,Mâcon,France,46.30366830029287,4.832226599999999
14,575,Magny-les-Hameaux,France,48.72405099976078,2.0839561999999994
15,576,Mainvilliers,France,48.44893819982875,1.4580047
16,577,Maisons-Alfort,France,48.80120449974163,2.4309702999999994
17,578,Maisons-Laffitte,France,48.94614369970568,2.1450951
18,579,Maizières-lès-Metz,France,49.21025199964041,6.1600345
19,580,Majicavo-Koropa,France,-12.744249500186617,45.21908019999999
0,581,Malakoff,France,48.82115589973669,2.3019814
1,582,Mamers,France,48.35059319985289,0.36963759999999996
2,583,Mamoudzou,France,-12.780416900190167,45.22791839999999
3,584,Mandelieu-la-Napoule,France,43.54391530054168,6.935913499999999
4,585,Manosque,France,43.83380260053739,5.7826657
5,586,Mantes-la-Jolie,France,48.98919709969502,1.7140682999999999
6,587,Mantes-la-Ville,France,48.97489379969855,1.7109449
7,588,Marange-Silvange,France,49.21607709963899,6.116416399999999
8,589,Marcq-en-Barœul,France,50.676701799308894,3.1043032000000004
9,590,Marignane,France,43.416272900542,5.2146275
10,591,Marly,France,50.35007469937533,3.5435909
11,592,Marly,France,49.06002409967748,6.154571899999999
12,593,Marly-le-Roi,France,48.868176199725006,2.0965934999999996
13,594,Marmande,France,44.500793900508164,0.164274
14,595,Maromme,France,49.476736999575365,1.0308207999999999
15,596,Marquette-lez-Lille,France,50.67609679930902,3.0647175
16,597,Martignas-sur-Jalle,France,44.840536400482684,-0.7761489000000001
17,598,Martigues,France,43.40572790054198,5.054817600000001
18,599,Marvejols,France,44.5532621005047,3.2901135
19,600,Massy,France,48.730157999759264,2.2766734999999994
0,601,Matoury,France,4.849671199517781,-52.326869499999994
1,602,Maubeuge,France,50.27964169939039,3.9674127
2,603,Mauguio,France,43.615482500541084,4.009836599999999
3,604,Mauléon-Licharre,France,43.223337300540685,-0.8885873
4,605,Maurepas,France,48.76187349975136,1.9451480000000003
5,606,Mauriac,France,45.21782850044599,2.331882
6,607,Mayenne,France,48.30442179986418,-0.6179871
7,608,Mazamet,France,43.49023170054193,2.3764363
8,609,Meaux,France,48.95827079970268,2.8773541
9,610,Melun,France,48.539926999806326,2.6608169
10,611,Mende,France,44.51802260050706,3.4991056999999994
11,612,Mennecy,France,48.56666449979973,2.4347044
12,613,Menton,France,43.77534950053867,7.502921300000001
13,614,Méricourt,France,50.40158029936446,2.8664217
14,615,Mérignac,France,44.842236100482545,-0.6469599
15,616,Méru,France,49.23619779963404,2.1355087
16,617,Meudon,France,48.812668799738766,2.2385431999999996
17,618,Meylan,France,45.209247100446916,5.781198299999999
18,619,Meyrin,France,46.22832260030566,6.071201599999999
19,620,Meyzieu,France,45.776463700375764,5.0044767
0,621,Mèze,France,43.42459850054201,3.5988383
1,622,Millau,France,44.100669300528985,3.0777594
2,623,Mimizan,France,44.20197960052465,-1.2309277999999997
3,624,Mions,France,45.663896300391386,4.9570975
4,625,Miramas,France,43.582733000541396,5.0025809
5,626,Mirande,France,43.51432440054184,0.40414729999999993
6,627,Mirecourt,France,48.300530199865136,6.131297399999999
7,628,Miribel,France,45.82352270036898,4.952852499999999
8,629,Mitry-Mory,France,48.983967399696304,2.6183971
9,630,Moissac,France,44.10508860052881,1.0846682
10,631,Moissy-Cramayel,France,48.627229799784764,2.5937072999999997
11,632,Mondelange,France,49.26195429962771,6.168332
12,633,Mondeville,France,49.17710379964858,-0.3202230999999999
13,634,Mons-en-Barœul,France,50.64285469931549,3.1093515999999997
14,635,Montaigu,France,46.97617930016613,-1.312169
15,636,Montargis,France,47.99786279993821,2.7310071999999996
16,637,Montataire,France,49.25613109962914,2.4342569
17,638,Montauban,France,44.01758350053206,1.3549991
18,639,Montbard,France,47.62416740002553,4.3373194
19,640,Montbéliard,France,47.51023680005135,6.7977564
0,641,Montbrison,France,45.60728750039899,4.0627318
1,642,Montceau-les-Mines,France,46.67404550022577,4.3631681
2,643,Mont-de-Marsan,France,43.89113180053594,-0.500972
3,644,Montélimar,France,44.55793910050438,4.750318
4,645,Montereau-Fault-Yonne,France,48.38496469984446,2.9557005999999997
5,646,Montesson,France,48.907642099715225,2.1492681
6,647,Monteux,France,44.03492810053145,4.9968733
7,648,Montfermeil,France,48.899267899717316,2.5660398999999994
8,649,Montgeron,France,48.70388729976575,2.4605106999999995
9,650,Montigny-en-Gohelle,France,50.42689999935921,2.9298800000000003
10,651,Montigny-le-Bretonneux,France,48.769893699749396,2.0381228
11,652,Montigny-lès-Cormeilles,France,48.995911299693354,2.1989225
12,653,Montigny-lès-Metz,France,49.09998319966758,6.153041
13,654,Montivilliers,France,49.54564349955874,0.192418
14,655,Montlouis-sur-Loire,France,47.38810230007854,0.8269289
15,656,Montluçon,France,46.33992760028663,2.6067229
16,657,Montmagny,France,48.972857099699056,2.343561
17,658,Montmorency,France,48.98916929969501,2.3197111
18,659,Montrouge,France,48.818854399737255,2.3194374999999994
19,660,Mont-Saint-Aignan,France,49.46789999957751,1.0813000000000001
0,661,Morangis,France,48.70229559976616,2.3367599
1,662,Morez,France,46.52032850025445,6.023548599999999
2,663,Morlaix,France,48.58249319979582,-3.833197199999999
3,664,Morne-à-l'Eau,France,16.331117500062227,-61.457923699999995
4,665,Morsang-sur-Orge,France,48.664141499775624,2.3527727999999994
5,666,Mortagne-au-Perche,France,48.52051059981111,0.5501095
6,667,Morteau,France,47.05693670014951,6.6047189
7,668,Mouans-Sartoux,France,43.62038520054103,6.9703991
8,669,Mougins,France,43.60088980054123,6.9963543
9,670,Moulins,France,46.56605260024607,3.3331703
10,671,Mouvaux,France,50.70289999930383,3.13689
11,672,Moyeuvre-Grande,France,49.25144369963028,6.045398199999999
12,673,M'Tsangamouji,France,-12.760194100188183,45.08768919999999
13,674,Muret,France,43.459985800541986,1.3262331999999997
14,675,Mussidan,France,45.03695090046468,0.3642959
15,676,Nanterre,France,48.89242729971899,2.2071267
16,677,Narbonne,France,43.183766100540154,3.0042120999999997
17,678,Nemours,France,48.26802599987306,2.6953079
18,679,Nérac,France,44.13539790052756,0.3392503
19,680,Neufchâteau,France,48.35530139985174,5.6948571
0,681,Neuilly-Plaisance,France,48.860871199726816,2.5060144
1,682,Neuilly-sur-Marne,France,48.85655569972791,2.5290045
2,683,Neuilly-sur-Seine,France,48.88468299972092,2.2695658
3,684,Neuville-en-Ferrain,France,50.75027009929478,3.1525134999999995
4,685,Nevers,France,46.987660100163794,3.1577203
5,686,Niort,France,46.32411320028935,-0.4649402999999999
6,687,Nœux-les-Mines,France,50.47539999934916,2.6621899
7,688,Nogaro,France,43.75916670053897,-0.0327778
8,689,Nogent-le-Rotrou,France,48.32180899985994,0.8211487999999999
9,690,Nogent-sur-Marne,France,48.838800899732284,2.4917291999999995
10,691,Nogent-sur-Oise,France,49.274471099624655,2.4676727000000005
11,692,Noisiel,France,48.8457346997306,2.6200032000000006
12,693,Noisy-le-Grand,France,48.84939719972968,2.5519570999999996
13,694,Noisy-le-Sec,France,48.88977509971967,2.4516055
14,695,Nontron,France,45.52930740040913,0.6622534999999999
15,696,Noyelles-Godault,France,50.41976899936069,2.9964589999999998
16,697,Noyon,France,49.58055609955038,3.0000287999999995
17,698,Oiapoque,France,3.8432127996015373,-51.835079799999995
18,699,Oignies,France,50.46429999935145,2.99387
19,700,Oissel,France,49.34243749960802,1.0957097999999998
0,701,Olivet,France,47.86509839996965,1.9015752
1,702,Ollioules,France,43.13972050053947,5.8483538
2,703,Oloron-Sainte-Marie,France,43.192240800540276,-0.6115586
3,704,Onnaing,France,50.387076899367514,3.6011231
4,705,Orange,France,44.137131100527476,4.807878299999999
5,706,Orbec,France,49.022222199686844,0.4075
6,707,Orly,France,48.74316829975603,2.4023909999999997
7,708,Ormesson-sur-Marne,France,48.785640999745496,2.5483998
8,709,Orsay,France,48.699183999766944,2.1874570000000007
9,710,Orthez,France,43.487496300541935,-0.7738362999999999
10,711,Orvault,France,47.27112170010408,-1.623206
11,712,Osny,France,49.066048699675996,2.0614598
12,713,Ouangani,France,-12.850130800196984,45.13990660000001
13,714,Ouistreham,France,49.27735619962395,-0.2579265
14,715,Oullins,France,45.71532540038432,4.803933099999999
15,716,Outreau,France,50.70369159930368,1.5845683999999998
16,717,Oyonnax,France,46.25751740030074,5.6556181
17,718,Ozoir-la-Ferrière,France,48.762090399751344,2.6719420999999994
18,719,Pacé,France,48.146572599902505,-1.7728997
19,720,Palaiseau,France,48.714458699763135,2.2453842000000006
0,721,Pamandzi,France,-12.798344600191923,45.27465149999999
1,722,Pamiers,France,43.11475150053903,1.6082176999999998
2,723,Panazol,France,45.83699710036702,1.3059422
3,724,Pantin,France,48.896502299718,2.4019804
4,725,Paray-le-Monial,France,46.4505590002671,4.117795900000001
5,726,Parempuyre,France,44.94853790047309,-0.6052708
6,727,Parthenay,France,46.6481266002307,-0.24726869999999998
7,728,Passy,France,45.9234886003542,6.6859905
8,729,Périgueux,France,45.1909365004489,0.7184406999999999
9,730,Pernes-les-Fontaines,France,43.99846270053271,5.059255
10,731,Péronne,France,49.9289577994685,2.9321899
11,732,Persan,France,49.15121089965498,2.2765575
12,733,Pertuis,France,43.69514680054007,5.5032671
13,734,Pessac,France,44.805615000485645,-0.6308396
14,735,Petit-Bourg,France,16.1913912000464,-61.590348799999994
15,736,Petite-Île,France,-21.35388840027012,55.5646526
16,737,Pierrefitte-sur-Seine,France,48.96375889970132,2.3601021999999996
17,738,Pierrelatte,France,44.377847400515606,4.6976609
18,739,Plaisance-du-Touch,France,43.56530120054153,1.2978343000000003
19,740,Plaisir,France,48.81739899973762,1.9476363000000003
0,741,Plan-de-Cuques,France,43.34600290054176,5.4618046
1,742,Plérin,France,48.53488169980757,-2.7695752
2,743,Plœmeur,France,47.73545909999992,-3.4270533999999997
3,744,Ploërmel,France,47.932378599953765,-2.3980799999999998
4,745,Ploufragan,France,48.48934319981881,-2.7933133
5,746,Plougastel-Daoulas,France,48.37423169984709,-4.369679
6,747,Plouzané,France,48.38171649984527,-4.621204399999999
7,748,Pointe-à-Pitre,France,16.240863600052023,-61.533407699999984
8,749,Poissy,France,48.92743899971032,2.0428293
9,750,Pont-à-Mousson,France,48.90259459971648,6.054769099999999
10,751,Pontarlier,France,46.90403480018074,6.3546345
11,752,Pont-Audemer,France,49.3510903996059,0.5213177
12,753,Pontault-Combault,France,48.80091319974169,2.6068064
13,754,Pontchâteau,France,47.43733740006764,-2.0880233
14,755,Pont-du-Château,France,45.7971315003728,3.2492577
15,756,Pontivy,France,48.064772899922204,-2.9675701999999995
16,757,Pont-l'Évêque,France,49.28595379962182,0.18416779999999996
17,758,Pontoise,France,49.05088449967973,2.1008067
18,759,Pont-Sainte-Maxence,France,49.30124829961807,2.6045837999999994
19,760,Pont-Saint-Esprit,France,44.253858900522175,4.6456631
0,761,Pornic,France,47.11526950013733,-2.1040102
1,762,Pornichet,France,47.2613293001062,-2.3364238
2,763,Port-de-Bouc,France,43.40309800054197,4.9806998
3,764,Portes-lès-Valence,France,44.875343400479665,4.877493599999999
4,765,Porto-Vecchio,France,41.592109100452454,9.2761531
5,766,Privas,France,44.73527080049135,4.598673300000001
6,767,Provins,France,48.560295899801304,3.2988088999999996
7,768,Puteaux,France,48.884152199721065,2.2368863
8,769,Puy-l'Évêque,France,44.502502035265316,1.140525425617148
9,770,Quetigny,France,47.3125861000951,5.116269399999999
10,771,Quimper,France,47.99603249993864,-4.102478199999999
11,772,Quimperlé,France,47.869288199968665,-3.5505644000000003
12,773,Raismes,France,50.39163129936657,3.4823888
13,774,Rambouillet,France,48.64528509978028,1.8192070000000002
14,775,Ramonville-Saint-Agne,France,43.546053300541665,1.4749101
15,776,Redon,France,47.65106820001937,-2.0842143
16,777,Remiremont,France,48.0158950999339,6.591261499999999
17,778,Rémire-Montjoly,France,4.905014799513669,-52.277164199999994
18,779,Rethel,France,49.50914469956754,4.3666467
19,780,Revel,France,43.458210200542,2.0055889999999996
0,781,Rezé,France,47.1905456001214,-1.5695287000000002
1,782,Ribérac,France,45.24780330044271,0.33980939999999993
2,783,Rillieux-la-Pape,France,45.82351400036899,4.8994366
3,784,Riom,France,45.89306800035875,3.1136667
4,785,Riorges,France,46.04375040033566,4.0337193
5,786,Ris-Orangis,France,48.653875399778144,2.4151151
6,787,Rive-de-Gier,France,45.528840100409184,4.6187385999999995
7,788,Rivière-Pilote,France,14.486951199846766,-60.9032777
8,789,Rivière-Salée,France,14.527673099851555,-60.97878719999999
9,790,Roanne,France,46.03455720033711,4.0729178
10,791,Rochefort,France,45.94384120035111,-0.9687519000000001
11,792,Rodez,France,44.3513062005171,2.5727883
12,793,Rognac,France,43.48723410054193,5.234290299999999
13,794,Roissy-en-Brie,France,48.79037869974431,2.6545195
14,795,Romainville,France,48.88529579972078,2.4358326
15,796,Romans-sur-Isère,France,45.045888600463805,5.0528681
16,797,Rombas,France,49.251504799630275,6.0938369
17,798,Romilly-sur-Seine,France,48.51957339981135,3.7264161000000002
18,799,Romorantin-Lanthenay,France,47.35921820008491,1.7434925
19,800,Ronchin,France,50.60567489932283,3.0778826999999995
0,801,Roncq,France,50.75312319929423,3.1209015999999994
1,802,Roquebrune-Cap-Martin,France,43.76410470053888,7.4565697
2,803,Roquebrune-sur-Argens,France,43.443356500541995,6.6363623
3,804,Rosny-sous-Bois,France,48.87166259972417,2.4875193
4,805,Roubaix,France,50.691589299306,3.1741734
5,806,Royan,France,45.624533200396684,-1.0287636
6,807,Roye,France,49.698618599522256,2.7930755000000005
7,808,Rueil-Malmaison,France,48.87777999972263,2.1802831999999994
8,809,Ruffec,France,46.02870570033804,0.1994619
9,810,Rumilly,France,45.867625400362535,5.942859099999999
10,811,Sablé-sur-Sarthe,France,47.840071199975526,-0.3352048
11,812,Sada,France,-12.851828900197145,45.0993169
12,813,Saint-Affrique,France,43.958003500534005,2.8866641
13,814,Saint-Amand-les-Eaux,France,50.44915189935456,3.4281141999999996
14,815,Saint-Amand-Montrond,France,46.72270620021646,2.5046503
15,816,Saint-André,France,-20.96063330031023,55.649273099999995
16,817,Saint-André-les-Vergers,France,48.27845989987051,4.0507314
17,818,Saint-André-lez-Lille,France,50.660799999312,3.0446799999999996
18,819,Saint-Apollinaire,France,47.33407040009042,5.0821629
19,820,Saint-Avé,France,47.69038490001033,-2.7358875
0,821,Saint-Avertin,France,47.35770000008523,0.7399229999999999
1,822,Saint-Avold,France,49.10433969966652,6.7071754
2,823,Saint-Barthélemy-d'Anjou,France,47.46830810006076,-0.4932940999999999
3,824,Saint-Benoît,France,-21.03318800030311,55.713150799999994
4,825,Saint-Brice-sous-Forêt,France,48.997382399692974,2.3568947999999996
5,826,Saint-Brieuc,France,48.51411339981269,-2.7603283
6,827,Saint-Chamond,France,45.47482980041599,4.5098046
7,828,Saint-Chély-d'Apcher,France,44.801136300486014,3.2757823999999998
8,829,Saint-Claude,France,46.38779890027824,5.864150099999999
9,830,Saint-Claude,France,16.025480500027427,-61.6981469
10,831,Saint-Cloud,France,48.843741199731056,2.219344
11,832,Saint-Cyprien,France,42.61764790052323,3.0043727999999996
12,833,Saint-Cyr-l'École,France,48.79970799974201,2.0672138
13,834,Saint-Cyr-sur-Loire,France,47.405244800074755,0.6658199
14,835,Saint-Cyr-sur-Mer,France,43.18100870054012,5.711516
15,836,Saint-Dié-des-Vosges,France,48.287315299868354,6.9477708
16,837,Saint-Dizier,France,48.6371124997823,4.9473513
17,838,Sainte-Anne,France,16.225685000050298,-61.3859128
18,839,Sainte-Foy-lès-Lyon,France,45.736225500381444,4.793476699999999
19,840,Sainte-Geneviève-des-Bois,France,48.6407871997814,2.3259128999999996
0,841,Saint-Égrève,France,45.232507900444375,5.681780999999999
1,842,Sainte-Luce,France,14.468280999844579,-60.9214796
2,843,Sainte-Luce-sur-Loire,France,47.2493864001088,-1.4865339
3,844,Sainte-Marie,France,-20.896860200316368,55.551733999999996
4,845,Sainte-Marie,France,14.783269999881668,-60.993035500000005
5,846,Sainte-Maxime,France,43.308710000541524,6.637714
6,847,Sainte-Menehould,France,49.09041919966996,4.8967637
7,848,Sainte-Rose,France,16.332735300062406,-61.698147000000006
8,849,Sainte-Rose,France,-21.127744500293648,55.792299899999996
9,850,Saintes,France,45.74606630038004,-0.6300671
10,851,Saint-Esprit,France,14.562272899855621,-60.9326931
11,852,Saint-Estève,France,42.71002870052715,2.8456715
12,853,Sainte-Suzanne,France,-20.904284500315658,55.6061193
13,854,Saint-Étienne-de-Baïgorry,France,43.17689100054005,-1.343027
14,855,Saint-Étienne-de-Montluc,France,47.2739351001035,-1.7810546
15,856,Saint-Étienne-du-Rouvray,France,49.383099999598095,1.0916300000000003
16,857,Saint-Fargeau-Ponthierry,France,48.53612149980726,2.5273470999999996
17,858,Saint-Flour,France,45.03349490046502,3.0931009
18,859,Saint-Fons,France,45.70010000038644,4.849349999999999
19,860,Saint-François,France,16.253200200053417,-61.2750706
0,861,Saint-Gaudens,France,43.1077682005389,0.7247218
1,862,Saint-Genis-Laval,France,45.695002100387164,4.7928827
2,863,Saint-Genis-Pouilly,France,46.24400830030302,6.025316199999999
3,864,Saint-Germain-en-Laye,France,48.899041299717354,2.0942791999999995
4,865,Saint-Gilles,France,43.677007000540335,4.4318488
5,866,Saint-Gilles-les-Bains,France,-21.05265840030118,55.2190297
6,867,Saint-Girons,France,42.98418650053617,1.1464455
7,868,Saint-Gratien,France,48.97036639969968,2.2840638999999996
8,869,Saint-Grégoire,France,48.152412899901094,-1.6853980000000002
9,870,Saint-Herblain,France,47.223300700114414,-1.6346964
10,871,Saint-Hilaire-de-Riez,France,46.7219444002166,-1.9441667000000002
11,872,Saint-Hilaire-du-Harcouët,France,48.57677059979725,-1.0927364
12,873,Saint-Jacques-de-la-Lande,France,48.08064359991837,-1.7135028999999997
13,874,Saint-Jean,France,43.66503910054049,1.5039251999999999
14,875,Saint-Jean-d'Angély,France,45.94459580035102,-0.5195756
15,876,Saint-Jean-de-Braye,France,47.9200017999567,1.9737186000000002
16,877,Saint-Jean-de-la-Ruelle,France,47.9098023999591,1.8717431
17,878,Saint-Jean-de-Luz,France,43.387076300541935,-1.6635695
18,879,Saint-Jean-de-Maurienne,France,45.27752580043937,6.3453329
19,880,Saint-Jean-de-Védas,France,43.575179100541455,3.8264197
0,881,Saint-Jean-Pied-de-Port,France,43.16295280053985,-1.2380527999999997
1,882,Saint-Joseph,France,-21.378930600267438,55.61906450000001
2,883,Saint-Joseph,France,14.670405999868352,-61.038470799999985
3,884,Saint-Julien-en-Genevois,France,46.144478900319534,6.0812466999999994
4,885,Saint-Julien-les-Villas,France,48.27214919987205,4.0979239
5,886,Saint-Junien,France,45.88722220035963,0.9011111
6,887,Saint-Just-Saint-Rambert,France,45.499463900412906,4.242375899999999
7,888,Saint-Laurent-de-la-Salanque,France,42.773211400529576,2.9891635000000005
8,889,Saint-Laurent-du-Maroni,France,5.498857999473271,-54.03095020000001
9,890,Saint-Laurent-du-Var,France,43.66901010054044,7.190696899999999
10,891,Saint-Leu,France,-21.167769400289572,55.2881932
11,892,Saint-Leu-la-Forêt,France,49.0212000996871,2.2480798999999996
12,893,Saint-Lô,France,49.11570039966372,-1.0906637
13,894,Saint-Louis,France,-21.284012400277522,55.41359620000001
14,895,Saint-Malo,France,48.64545279978024,-2.015418
15,896,Saint-Mandé,France,48.843263299731206,2.4185126
16,897,Saint-Martin-Boulogne,France,50.72589319929942,1.6338669999999997
17,898,Saint-Martin-de-Crau,France,43.63842470054084,4.810292699999999
18,899,Saint-Martin-d'Hères,France,45.18366830044965,5.754479999999999
19,900,Saint-Maur-des-Fossés,France,48.8033056997411,2.4853014999999994
0,901,Saint-Maurice,France,48.81761109973755,2.4420701999999994
1,902,Saint-Maurice-du-Désert,France,48.61215087171987,-0.39049435740028754
2,903,Saint-Maximin-la-Sainte-Baume,France,43.45220530054201,5.862294000000001
3,904,Saint-Médard-en-Jalles,France,44.89588870047785,-0.7170764
4,905,Saint-Michel-sur-Orge,France,48.630273499783996,2.3027478
5,906,Saint-Nazaire,France,47.27335170010361,-2.2138905
6,907,Saint-Omer,France,50.75157709929453,2.2534182999999994
7,908,Saint-Orens-de-Gameville,France,43.55198470054164,1.5339526000000003
8,909,Saint-Ouen-l'Aumône,France,49.04476499968126,2.1059841
9,910,Saint-Ouen-sur-Seine,France,48.9117289997142,2.334267
10,911,Saint-Palais,France,43.327343800541655,-1.0345115
11,912,Saint-Paul,France,-21.000609900306323,55.2771585
12,913,Saint-Paul-lès-Dax,France,43.72531620053958,-1.0515490999999997
13,914,Saint-Philippe,France,-21.3606197002694,55.7660672
14,915,Saint-Pierre,France,-21.341298000271458,55.47761739999999
15,916,Saint-Pierre-des-Corps,France,47.38981520007818,0.7189760999999999
16,917,Saint-Pierre-du-Perray,France,48.61378669978808,2.5053809999999994
17,918,Saint-Pierre-sur-Dives,France,49.019228399687584,-0.0333457
18,919,Saint-Priest,France,45.69653470038693,4.944163499999999
19,920,Saint-Quentin,France,49.84652529948758,3.2876843
0,921,Saint-Raphaël,France,43.425530300542,6.769424399999999
1,922,Saint-Rémy-de-Provence,France,43.788578200538396,4.831749799999999
2,923,Saint-Saulve,France,50.37101649937092,3.5547336
3,924,Saint-Sébastien-sur-Loire,France,47.20350290011863,-1.4992074999999998
4,925,Saint-Vallier,France,46.641346200231986,4.371751599999999
5,926,Saint-Vincent-de-Tyrosse,France,43.66048370054056,-1.3029669
6,927,Saint-Yrieix-la-Perche,France,45.512749400411224,1.2033137999999999
7,928,Sallanches,France,45.93612460035229,6.630255099999999
8,929,Sallaumines,France,50.42054349936053,2.8591237999999994
9,930,Salon,de,Provence,France
10,931,Sanary-sur-Mer,France,43.11772380053908,5.800883899999999
11,932,Sannois,France,48.97172669969934,2.2568296
12,933,Saran,France,47.94940389994972,1.8764208999999998
13,934,Sarcelles,France,48.99608129969331,2.3796245000000003
14,935,Sarlat-la-Canéda,France,44.88794310047855,1.2161321
15,936,Sarrebourg,France,48.73423899975823,7.0557352
16,937,Sarreguemines,France,49.10948359966525,7.070886499999999
17,938,Sartrouville,France,48.940901599706976,2.1585037
18,939,Sassenage,France,45.20660780044721,5.6629992
19,940,Saumur,France,47.259622400106586,-0.0785177
0,941,Savigny-le-Temple,France,48.595868099792504,2.5798953
1,942,Savigny-sur-Orge,France,48.67945719977183,2.3458417
2,943,Sceaux,France,48.77905919974714,2.2886619
3,944,Schœlcher,France,14.616945099862058,-61.100455899999986
4,945,Seclin,France,50.545210199334946,3.0252818999999995
5,946,Sedan,France,49.703375899521106,4.9433409
6,947,Semur-en-Auxois,France,47.49021490005583,4.3328705
7,948,Senlis,France,49.20654039964135,2.5846582
8,949,Sens,France,48.1978558998901,3.2826059999999995
9,950,Septèmes-les-Vallons,France,43.398952900541964,5.366396499999999
10,951,Sète,France,43.401443400541964,3.6959770999999995
11,952,Sevran,France,48.93763399970779,2.5298164
12,953,Sèvres,France,48.824740699735784,2.2127083
13,954,Seyssinet-Pariset,France,45.17907680045016,5.6899617
14,955,Sézanne,France,48.724875199760554,3.7263127
15,956,Sin-le-Noble,France,50.3644330993723,3.1117294999999996
16,957,Sisteron,France,44.19634670052489,5.9443791
17,958,Six-Fours-les-Plages,France,43.093510500538635,5.839395299999999
18,959,Soissons,France,49.383762099597924,3.327613
19,960,Soisy-sous-Montmorency,France,48.987504399695425,2.3002884999999997
0,961,Somain,France,50.35892369937347,3.2810971999999996
1,962,Sorgues,France,44.00664030053243,4.8725016
2,963,Sotteville-lès-Rouen,France,49.4151548995903,1.089746
3,964,Stains,France,48.95656689970309,2.3825153999999995
4,965,Stiring-Wendel,France,49.20114319964266,6.9276846
5,966,Sucy-en-Brie,France,48.77113229974909,2.5221284
6,967,Suresnes,France,48.87109939972429,2.2283997
7,968,Talange,France,49.23689549963388,6.173694099999999
8,969,Talant,France,47.33596170008999,5.004764099999999
9,970,Talence,France,44.80884380048536,-0.5879628999999998
10,971,Tarare,France,45.894255500358575,4.4371374
11,972,Tarascon,France,43.80536540053804,4.6585114999999995
12,973,Tarbes,France,43.232858000540794,0.0781021
13,974,Tarnos,France,43.5405622005417,-1.4611915
14,975,Tassin-la-Demi-Lune,France,45.75983860037811,4.7657747
15,976,Taverny,France,49.02658879968573,2.2234970999999994
16,977,Tergnier,France,49.65584649953239,3.2918511
17,978,Terville,France,49.34499859960738,6.134391399999999
18,979,Thiais,France,48.76436639975076,2.391024
19,980,Thiers,France,45.855795000364274,3.5489707
0,981,Thionville,France,49.35792719960423,6.1675872
1,982,Thonon-les-Bains,France,46.37313030028083,6.4779447999999995
2,983,Thouaré-sur-Loire,France,47.26688240010501,-1.4410916
3,984,Thouars,France,46.97901930016554,-0.21537409999999999
4,985,Tinqueux,France,49.247899999631166,3.986009999999999
5,986,Tonnerre,France,47.856466199971685,3.9733033
6,987,Torcy,France,48.85149999972916,2.65265
7,988,Toul,France,48.676262399772604,5.8941759
8,989,Tourcoing,France,50.72350379929987,3.1605713999999994
9,990,Tournefeuille,France,43.582784600541395,1.3466543
10,991,Tournon-sur-Rhône,France,45.067515600461675,4.832852
11,992,Tournus,France,46.56173730024686,4.9122425
12,993,Trappes,France,48.77609569974786,1.9988356
13,994,Trélazé,France,47.446067400065694,-0.4652451999999999
14,995,Tremblay-en-France,France,48.980203499697225,2.5589558
15,996,Trets,France,43.44690810054201,5.6851424999999995
16,997,Triel-sur-Seine,France,48.98092499969704,2.0030818
17,998,Trouville-sur-Mer,France,49.3683332996017,0.08249999999999999
18,999,Tsingoni,France,-12.789725200191079,45.1038055
19,1000,Tulle,France,45.26783470044047,1.7706797
0,1001,Uckange,France,49.3007648996182,6.158868399999999
1,1002,Ussel,France,45.54559100040704,2.3119396999999995
2,1003,Ustaritz,France,43.39876000054196,-1.4562207
3,1004,Vaires-sur-Marne,France,48.87328409972375,2.6398291999999994
4,1005,Vaison-la-Romaine,France,44.24076410052283,5.075736999999999
5,1006,Valbonne,France,43.64114100054079,7.008625499999999
6,1007,Val-de-Reuil,France,49.27168389962532,1.2128991999999998
7,1008,Valence,France,44.93322770047449,4.8920811
8,1009,Valenciennes,France,50.357931699373665,3.5234845999999997
9,1010,Valentigney,France,47.462292500062084,6.8308784
10,1011,Valenton,France,48.74431889975573,2.4699740999999995
11,1012,Vallauris,France,43.57610010054144,7.05859
12,1013,Valognes,France,49.508954699567596,-1.4708173999999998
13,1014,Valréas,France,44.385145500515186,4.990608899999999
14,1015,Valréas,France,44.385145500515186,4.990608899999999
15,1016,Valserhône,France,46.10764760032548,5.8261219
16,1017,Vandœuvre-lès-Nancy,France,48.65996759977666,6.1724618
17,1018,Vannes,France,47.65867720001762,-2.7599079
18,1019,Vanves,France,48.821203699736685,2.2892589999999995
19,1020,Vaulx-en-Velin,France,45.778425500375455,4.9206153
0,1021,Vauréal,France,49.030076299684886,2.0205772999999994
1,1022,Vauvert,France,43.69243820054012,4.2754772
2,1023,Vaux-le-Pénil,France,48.525554199809896,2.6831642
3,1024,Veauche,France,45.56229130040489,4.289239899999999
4,1025,Vélizy-Villacoublay,France,48.78094959974666,2.1900052
5,1026,Vence,France,43.72267040053962,7.111417499999999
6,1027,Vendôme,France,47.79344529998644,1.0662255999999999
7,1028,Vénissieux,France,45.69771090038677,4.8855965999999995
8,1029,Verdun,France,49.15892779965308,5.3867277
9,1030,Verneuil-sur-Seine,France,48.97920519969749,1.9756366999999995
10,1031,Vernon,France,49.091781399669635,1.4886571
11,1032,Vernouillet,France,48.71665449976261,1.3650921999999999
12,1033,Verrières-le-Buisson,France,48.746781899755135,2.2653844
13,1034,Versailles,France,48.803540299741044,2.1266886
14,1035,Vertou,France,47.168521100126064,-1.4722241999999999
15,1036,Vesoul,France,47.61973950002655,6.1544694
16,1037,Vichy,France,46.123926800322856,3.4203711999999995
17,1038,Vidauban,France,43.42731830054201,6.4314327
18,1039,Vienne,France,45.52524000040963,4.874769999999999
19,1040,Vierzon,France,47.221748900114726,2.0691421
0,1041,Vieux-Condé,France,50.47242279934977,3.5675783999999995
1,1042,Vigneux-sur-Seine,France,48.69985519976678,2.4172116999999997
2,1043,Villebon-sur-Yvette,France,48.700004599766736,2.2276489
3,1044,Ville-d'Avray,France,48.82793619973501,2.1894240999999997
4,1045,Villefontaine,France,45.614003000398085,5.158057399999999
5,1046,Villefranche-de-Rouergue,France,44.35176230051707,2.0375431
6,1047,Villefranche-sur-Saône,France,45.98647490034461,4.726611
7,1048,Villejuif,France,48.79210979974389,2.3633048000000003
8,1049,Villemomble,France,48.88188599972161,2.5076181
9,1050,Villenave-d'Ornon,France,44.77378720048826,-0.5595028999999999
10,1051,Villeneuve-d'Ascq,France,50.619317399320146,3.1314002
11,1052,Villeneuve-la-Garenne,France,48.93504879970843,2.3324726999999994
12,1053,Villeneuve-le-Roi,France,48.73503079975803,2.4077003
13,1054,Villeneuve-lès-Avignon,France,43.96365950053384,4.796922399999999
14,1055,Villeneuve-lès-Maguelone,France,43.53281170054174,3.8627227
15,1056,Villeneuve-Loubet,France,43.65799470054059,7.1217592
16,1057,Villeneuve-Saint-Georges,France,48.73052719975916,2.4478199999999997
17,1058,Villeneuve-sur-Lot,France,44.40566150051402,0.7046455
18,1059,Villeparisis,France,48.939343999707354,2.6176193
19,1060,Villepinte,France,48.96365659970133,2.5347540999999993
0,1061,Villers-Cotterêts,France,49.254947899629435,3.0909274999999994
1,1062,Villers-lès-Nancy,France,48.673134399773375,6.1536378
2,1063,Villerupt,France,49.46846799957738,5.9326783
3,1064,Villetaneuse,France,48.960967599702,2.3436609
4,1065,Villiers-le-Bel,France,49.00749989969047,2.3880846999999994
5,1066,Villiers-sur-Marne,France,48.82620549973543,2.5406696
6,1067,Vincennes,France,48.84745079973016,2.4396714
7,1068,Vire,France,48.838519799732374,-0.8893292999999999
8,1069,Viroflay,France,48.79959509974204,2.1730571
9,1070,Viry-Châtillon,France,48.67087289977396,2.3750351
10,1071,Vitré,France,48.124450299907835,-1.214331
11,1072,Vitrolles,France,43.459369600542,5.2482643
12,1073,Vitry-le-François,France,48.72622249976023,4.585162199999999
13,1074,Vitry-sur-Seine,France,48.787599999745005,2.39164
14,1075,Vittel,France,48.20207169988907,5.9418851
15,1076,Voiron,France,45.36313860042953,5.591075099999999
16,1077,Voisins-le-Bretonneux,France,48.758664399752185,2.0510181999999997
17,1078,Vouziers,France,49.39808379959445,4.7003648
18,1079,Wasquehal,France,50.66915769931034,3.1312446999999994
19,1080,Wattignies,France,50.58787789932637,3.0511655
0,1081,Wattrelos,France,50.701601499304104,3.2153906999999995
1,1082,Wervik,France,50.778019599289536,3.0438360000000007
2,1083,Woippy,France,49.15158479965487,6.1519224
3,1084,Yerres,France,48.71681099976257,2.4879753
4,1085,Yssingeaux,France,45.143555600453915,4.1244363
5,1086,Yutz,France,49.361505799603364,6.191927599999999
6,1087,Yvetot,France,49.61793839954142,0.7538866
7,1088,Yzeure,France,46.567656800245764,3.3539774999999996
