,place_name,coordinate_x,coordinate_y
0,Abbeville ,50.10608349942843,1.8337029
1,Achères ,48.960632099702075,2.0698106
2,Acoua ,-12.724324500184663,45.0589372
3,Agde ,43.31347870054157,3.4771629
4,Agen ,44.20158270052466,0.6176112
5,Aire,50.639593699316144,2.4000602
6,Aix,45.68862920038802,5.9146361999999995
7,Albert ,50.0018021994519,2.6509223
8,Albertville ,45.67546220038983,6.392541699999999
9,Albi ,43.92775520053492,2.147899
10,Albina ,5.498482999473295,-54.057453699999996
11,Alençon ,48.431205899833124,0.09113739999999998
12,Alès ,44.12536650052798,4.0852818
13,Alfortville ,48.80516239974066,2.4197113
14,Allauch ,43.33513810054171,5.483268699999999
15,Allonnes ,47.969282999944994,0.1578819
16,Ambarès,44.925901100475144,-0.48818459999999997
17,Ambérieu,45.9584309003489,5.3595099
18,Ambert ,45.55043380040642,3.7426390000000005
19,Amboise ,47.41103510007348,0.983698
0,Amilly ,47.977885299942955,2.7673116999999996
1,Amnéville ,49.26036129962811,6.142073899999999
2,Ancenis ,47.36481410008367,-1.1816088
3,Andrésy ,48.982144499696744,2.0610573
4,Anglet ,43.48139270054197,-1.5149934999999999
5,Angoulême ,45.651274800393104,0.1576745
6,Annemasse ,46.19340050031148,6.234109299999999
7,Annonay ,45.23996390044357,4.667547500000001
8,Antibes ,43.58360000054139,7.10905
9,Antony ,48.75355399975344,2.2959422999999997
10,Anzin ,50.37039659937103,3.5020684
11,Apt ,43.87579360053636,5.3970648
12,Arcachon ,44.653942800497575,-1.1755714
13,Arcueil ,48.80649959974033,2.3366502
14,Argelès,42.549044700520035,3.0300792999999997
15,Argentan ,48.742885899756104,-0.0223695
16,Argenton,46.58868220024185,1.5191029
17,Arles ,43.677622300540314,4.630965299999999
18,Armentières ,50.68672809930696,2.882169
19,Arnouville ,48.98921259969501,2.4202823999999996
0,Arpajon ,48.59028989979389,2.2477303
1,Arras ,50.291047999387914,2.7772210999999998
2,Arsac ,44.99718660046852,-0.6883739
3,Asnières,48.91059479971452,2.2890454
4,Athis,48.70790279976478,2.3890940999999994
5,Aubagne ,43.292438500541394,5.570303099999999
6,Aubenas ,44.62054760050001,4.390239899999999
7,Aubergenville ,48.959139199702456,1.8554319
8,Aubervilliers ,48.914607799713494,2.3821894999999995
9,Aubière ,45.751257500379324,3.1144195
10,Aubusson ,45.95468960034947,2.1672725
11,Auch ,43.64635580054074,0.5850506999999999
12,Auchel ,50.50374919934333,2.4682058999999996
13,Audincourt ,47.48197860005769,6.8413683999999995
14,Aulnay,48.934230999708625,2.499789
15,Aulnoye,50.20025019940762,3.8336383
16,Auray ,47.66644850001583,-2.9833718000000005
17,Aurillac ,44.92854410047491,2.4433101
18,Auriol ,43.368843600541865,5.629861099999999
19,Auterive ,43.352402800541796,1.4775095
0,Autun ,46.95103130017125,4.2989478
1,Auxerre ,47.796128699985815,3.5705789999999995
2,Avallon ,47.48853650005622,3.9070658
3,Avion ,50.412612799362186,2.8343891
4,Avon ,48.40488669983958,2.7207224999999995
5,Avranches ,48.686208499770146,-1.3579476
6,Avrillé ,47.50456570005263,-0.5956539
7,Bagneux ,48.79505599974317,2.3027323
8,Bagnolet ,48.868819899724855,2.4173658
9,Bagnols,44.160481000526495,4.623583099999999
10,Baie,16.267945800055085,-61.5870766
11,Bailleul ,50.739666799296806,2.7349285999999995
12,Balma ,43.61122170054114,1.5057917
13,Bandraboua ,-12.703811600182647,45.12338619999999
14,Bandrélé ,-12.913218400203117,45.194967
15,Barbezieux ,45.470916100416474,-0.1528181
16,Barcelonnette ,44.386204300515146,6.6513554
17,Barentin ,49.54596989955866,0.9522585999999998
18,Bar,48.77126729974906,5.1623805
19,Bar,48.23320469988152,4.7058337
0,Basse,16.000077800024496,-61.733337299999995
1,Bastia ,42.70655050052702,9.452541999999998
2,Bayeux ,49.276462399624165,-0.7024738
3,Bayonne ,43.49333790054192,-1.475099
4,Beaucaire ,43.80854360053798,4.6392648
5,Beaumont ,45.75384770037895,3.0870638
6,Beaune ,47.02390640015635,4.838042599999999
7,Beausoleil ,43.74828100053919,7.4219677
8,Beauvais ,49.43009969958667,2.0823355
9,Bedous ,42.99921910053653,-0.6002255
10,Bègles ,44.8074559004855,-0.5488541999999998
11,Belfort ,47.63795990002239,6.8628942
12,Bellac ,46.12090360032334,1.0502545
13,Belleville,46.10893820032527,4.748655299999999
14,Belley ,45.76075800037799,5.6861466
15,Berck ,50.405257599363715,1.5711616999999998
16,Bergerac ,44.853456800481574,0.487531
17,Bernay ,49.090227799670004,0.5989156999999999
18,Berre,43.475824900541966,5.1673492
19,Béthune ,50.52234379933958,2.6385601
0,Betton ,48.181712199894015,-1.6414898
1,Béziers ,43.34265620054175,3.2131306999999993
2,Bezons ,48.925001599710924,2.2105491
3,Biarritz ,43.48325230054195,-1.5592776
4,Billère ,43.30300440054149,-0.3905556
5,Bitche ,49.050872899679725,7.425457700000001
6,Blagnac ,43.64340000054078,1.37799
7,Blanquefort ,44.90889820047669,-0.6300363
8,Blois ,47.58768610003385,1.3337639
9,Bobigny ,48.90638699971554,2.4452230999999998
10,Bois,48.91482689971344,2.2674892
11,Bois,48.79985599974198,2.0236069999999997
12,Bois,49.47047839957688,1.1200924
13,Boissy,48.74791929975485,2.5124717
14,Bolbec ,49.57390909955196,0.4742448000000001
15,Bollène ,44.280388200520854,4.7484092
16,Bondues ,50.703462199303736,3.0921637999999994
17,Bondy ,48.90309999971635,2.48291
18,Bonneuil,48.773711599748445,2.4869009
19,Bonneville ,46.0775797003303,6.4086189
0,Bouc,43.451181900542004,5.412784799999999
1,Bouéni ,-12.910708600202874,45.0801256
2,Bouguenais ,47.17930100012378,-1.6233691
3,Boulogne,50.7259984992994,1.6118770999999998
4,Bourg,45.03543750046483,5.0520015
5,Bourg,46.205119200309525,5.2250324
6,Bourges ,47.081439600144414,2.3986275000000004
7,Bourg,48.779517799747,2.3160849999999997
8,Bourg,44.95282220047268,4.8953847
9,Bourgoin,45.58722590040163,5.2828123
10,Bourg,45.61852840039749,6.769431299999999
11,Bras,-20.998743500306507,55.6847941
12,Bressuire ,46.84255720019303,-0.4929017
13,Brétigny,48.60998869978902,2.3075288
14,Briançon ,44.89840370047764,6.6436313
15,Brie,48.6904521997691,2.6166736999999998
16,Brignais ,45.67397550039002,4.7540703
17,Brignoles ,43.40644010054198,6.0616452
18,Brioude ,45.29389700043754,3.3853710999999995
19,Brive,45.15849820045234,1.5332388999999997
0,Bron ,45.73375320038178,4.9092351999999995
1,Brou ,48.2156348998858,1.1660734
2,Bruay,50.48219629934776,2.5461921999999997
3,Bruay,50.397276999365374,3.5379104999999997
4,Bruges ,44.88423790047889,-0.6111473999999999
5,Brunoy ,48.69793119976723,2.5044613
6,Bruz ,48.02458139993183,-1.7471629
7,Bry,48.83528719973319,2.5193322
8,Bully,50.44639999935515,2.7198899999999995
9,Bussy,48.84302569973126,2.6973858
10,Cabestany ,42.67995140052592,2.9403263000000006
11,Cachan ,48.79454129974328,2.3340758
12,Cagnes,43.66120120054055,7.151383399999999
13,Cahors ,44.44950000051139,1.4364999
14,Caluire,45.79699520037281,4.8423304
15,Cambo,43.36091390054183,-1.3994687
16,Cambrai ,50.175960199412955,3.2356612999999994
17,Canet,42.70435900052691,3.0105105
18,Cannes ,43.55151980054164,7.013441799999999
19,Canteleu ,49.45079869958165,1.0352069
0,Capesterre,16.042332200029364,-61.569727399999984
1,Carcassonne ,43.21303580054056,2.3491069
2,Carentan ,49.30328999961758,-1.2463444
3,Carhaix,48.27649969987099,-3.5711476999999996
4,Carmaux ,44.04962960053092,2.1583033
5,Carpentras ,44.055404300530704,5.0487681
6,Carquefou ,47.29719790009845,-1.4921233
7,Carrières,48.94376939970627,2.0341747
8,Carrières,48.91341119971379,2.1779082999999995
9,Carros ,43.78460000053847,7.187849999999998
10,Carvin ,50.49341449934547,2.9577518999999994
11,Castanet,43.51721400054181,1.4980801
12,Castelginest ,43.692923100540106,1.4281537
13,Casteljaloux ,44.31357840051914,0.08827029999999998
14,Castelnaudary ,43.3192021005416,1.9533495
15,Castelnau,43.6393171005408,3.9133310999999997
16,Castelsarrasin ,44.03951510053129,1.1072874999999998
17,Castres ,43.60367760054121,2.2417953999999995
18,Caudry ,50.124336299424385,3.4105032
19,Cavaillon ,43.835680800537354,5.038352199999999
0,Cenon ,44.855288200481404,-0.5239862999999999
1,Cergy ,49.05275279967928,2.0388736
2,Cesson,48.11977989990896,-1.6038828999999997
3,Cestas ,44.741157400490884,-0.6841225
4,Chalette,48.01446389993424,2.7320233999999997
5,Challans ,46.84794300019196,-1.8773786999999997
6,Châlons,48.956621799703086,4.362885099999999
7,Chalon,46.78889970020361,4.852960499999999
8,Chamalières ,45.77320000037623,3.06115
9,Chambray,47.339087200089324,0.7143679999999999
10,Chamonix,45.92467050035402,6.8727506
11,Champagnole ,46.745604900212015,5.908358099999999
12,Champigny,48.81377589973851,2.5107383999999997
13,Champs,48.85268919972886,2.6027219
14,Chantepie ,48.08815499991658,-1.6171481999999997
15,Chantilly ,49.19317359964462,2.4636685999999997
16,Charenton,48.819847899737006,2.4159507999999996
17,Charleville,49.773571199504595,4.720693899999999
18,Charmes ,48.372541199847525,6.293385599999999
19,Chartres ,48.443860099830005,1.4881433999999998
0,Châteaubriant ,47.71940570000364,-1.3757281999999997
1,Château,47.06439770014795,3.9330027999999992
2,Châteaudun ,48.07022979992088,1.3284947999999999
3,Château,47.82630579997874,-0.7066665
4,Châteauneuf,43.38042930054192,5.1646417
5,Châteaurenard ,43.8820448005362,4.85568
6,Châteauroux ,46.8047000002005,1.6957099
7,Château,49.04573619968101,3.4027110999999994
8,Châtellerault ,46.818004700197875,0.545812
9,Châtenay,48.76704039975011,2.2775315999999997
10,Châtillon ,48.79977559974197,2.2897123999999995
11,Châtillon,47.86074669997067,4.574913899999999
12,Chatou ,48.88970439971966,2.1573694999999997
13,Chaumont ,48.11113239991107,5.1395849
14,Chauny ,49.61489449954214,3.2189506
15,Chauvigny ,46.569504800245404,0.6439464
16,Chaville ,48.808691499739766,2.1883487
17,Chelles ,48.878380399722495,2.590549
18,Chennevières,48.7965000997428,2.5304419999999994
19,Chenôve ,47.293200000099304,5.00308
0,Cherbourg,49.642534299535576,-1.6249565
1,Chevigny,47.297710600098334,5.138221800000001
2,Chevilly,48.77141529974903,2.3469255
3,Chiconi ,-12.836231100195622,45.1127841
4,Chilly,48.7026160997661,2.3123581999999994
5,Chinon ,47.16671820012646,0.24020949999999996
6,Choisy,48.7630237997511,2.4093664000000006
7,Cholet ,47.061729300148514,-0.8801349
8,Cilaos ,-21.1360575002928,55.472514999999994
9,Clamart ,48.800367999741844,2.2630291999999996
10,Clamecy ,47.45988950006263,3.5187552
11,Claye,48.94608709970569,2.6883702999999994
12,Clermont ,49.37809209959933,2.4141907
13,Clichy ,48.902599999716465,2.3055099999999995
14,Clichy,48.91093899971442,2.5460721999999993
15,Cluny ,46.433913800270076,4.657570799999999
16,Cluses ,46.060317100333066,6.580421799999999
17,Cognac ,45.69316470038739,-0.3250175
18,Colombes ,48.92278799971147,2.2543577
19,Colomiers ,43.61210010054112,1.3282149
0,Combs,48.66469939977548,2.5648769999999996
1,Comines ,50.76532649929195,3.0066318999999995
2,Comines,50.76830549929136,3.0001174999999995
3,Commercy ,48.763202999751044,5.5914753
4,Compiègne ,49.417949699589606,2.8263171
5,Concarneau ,47.875701699967145,-3.922388899999999
6,Condé,50.44834149935474,3.5928883000000003
7,Condom ,43.956456300534064,0.3745929
8,Conflans,48.993879099693864,2.0949768
9,Corbeil,48.61377339978809,2.4818086999999998
10,Cormeilles,48.9759636996983,2.1998877
11,Corte ,42.30529040050679,9.1511935
12,Cosne,47.411561300073366,2.9273936999999997
13,Coudekerque,51.02087799924584,2.3894321
14,Couëron ,47.21150540011692,-1.7271465999999998
15,Coulommiers ,48.81213009973891,3.0843817999999996
16,Courbevoie ,48.895332799718275,2.2561602
17,Courcouronnes ,48.61762379978712,2.4087212
18,Cournon,45.73911400038102,3.1961892999999995
19,Courrières ,50.45209999935398,2.94621
0,Coutances ,49.04779199968052,-1.4454857
1,Couzeix ,45.87892140036086,1.2379651999999999
2,Creil ,49.26079139962799,2.4733770999999996
3,Crépy,49.23585089963412,2.8900506999999998
4,Créteil ,48.77714859974759,2.4530731
5,Creutzwald ,49.205300899641614,6.696245099999999
6,Croix ,50.68021239930821,3.1564365
7,Cugnaux ,43.53699360054172,1.3457537000000002
8,Cusset ,46.13242390032148,3.4602735999999994
9,Dammarie,48.51508759981245,2.6347018
10,Dax ,43.70840650053986,-1.0518770999999998
11,Deauville ,49.359999999603716,0.0752778
12,Decazeville ,44.558514800504334,2.2542070999999995
13,Décines,45.77360600037615,4.9633313999999995
14,Denain ,50.32709259938022,3.3943728999999996
15,Deshaies ,16.306162700059414,-61.793897400000006
16,Deuil,48.97564229969836,2.3275141
17,Déville,49.4695337995771,1.0495889
18,Dieppe ,49.9246181994695,1.0791444
19,Digne,44.09181440052933,6.2351431
0,Dinan ,48.4539774998275,-2.047687
1,Dinard ,48.632037899783555,-2.0580178
2,Dives,49.28664169962166,-0.1001559
3,Dole ,47.09210470014219,5.4925463
4,Domont ,49.02855359968527,2.3278096999999995
5,Douai ,50.36756769937165,3.0804641
6,Douarnenez ,48.09444589991507,-4.3311243
7,Douchy,50.29888839938625,3.3909157999999997
8,Doué,47.193793500120705,-0.27619170000000004
9,Dourdan ,48.528844199809086,2.0153688999999995
10,Dozulé ,49.23145959963521,-0.04474569999999999
11,Draguignan ,43.53746620054171,6.462733299999999
12,Drancy ,48.922980299711426,2.4455200999999995
13,Draveil ,48.68515139977042,2.4083575999999995
14,Dreux ,48.73588069975784,1.3684254
15,Ducos ,14.57432469985704,-60.9719008
16,Dugny ,48.95381549970378,2.414733
17,Dzaoudzi ,-12.78215100019034,45.25569229999999
18,Eaubonne ,48.99066959969464,2.2794325999999994
19,Échirolles ,45.14370000045391,5.71927
0,Écully ,45.775449800375874,4.7785644
1,Élancourt ,48.76811819974985,1.9493520000000002
2,Elbeuf ,49.28710859962156,1.0108998
3,Embrun ,44.56417640050396,6.495818900000001
4,Enghien,48.96997319969978,2.3068481999999997
5,Épernay ,49.0425609996818,3.9528655
6,Épinal ,48.17476839989568,6.4503643
7,Épinay,48.687699999769784,2.5161999999999995
8,Épinay,48.67256219977352,2.324446
9,Épinay,48.95251809970411,2.3145039
10,Éragny,49.01921779968758,2.0910817
11,Ermont ,48.991767599694384,2.2585678999999996
12,Ernée ,48.296793499866034,-0.9351068999999997
13,Étampes ,48.434462099832324,2.1614464
14,Étaples ,50.513955199341275,1.6386252
15,Évreux ,49.026890299685675,1.1510164
16,Évry ,48.62416649978552,2.4289667
17,Eysines ,44.88546670047877,-0.6486943
18,Faches,50.60260309932345,3.0697877
19,Falaise ,48.89647409971802,-0.1999129
0,Fameck ,49.30434969961731,6.1041352
1,Fécamp ,49.75777289950829,0.374891
2,Ferney,46.25557440030107,6.1076131
3,Figeac ,44.609233500500814,2.0324320999999994
4,Firminy ,45.3869468004267,4.2858545
5,Flers ,48.746605899755174,-0.5676372999999999
6,Fleurance ,43.84929500053701,0.6640617
7,Fleury,47.93091559995412,1.9208882999999999
8,Floirac ,44.83270000048336,-0.5208229999999999
9,Florac ,44.323818500518605,3.5940267
10,Florange ,49.32780689961157,6.122827
11,Foix ,42.96389980053564,1.6053807
12,Fondettes ,47.4036631000751,0.5961846
13,Fonsorbes ,43.53532730054174,1.2314988
14,Fontaine ,45.19501830044845,5.6869624
15,Fontainebleau ,48.40493749983958,2.7015872
16,Fontenay,48.79110519974414,2.2870373
17,Fontenay,46.466077100264314,-0.8064003
18,Fontenay,48.81065779973929,2.0461549
19,Fontenay,48.849072099729746,2.4749346999999995
0,Forbach ,49.18628219964631,6.895856199999999
1,Fos,43.438071400542015,4.945594999999999
2,Fouesnant ,47.89454019996271,-4.011536499999999
3,Fougères ,48.350336199852954,-1.1958526
4,Fourmies ,50.017174099448404,4.0458492
5,Francheville ,45.735748000381484,4.7647303999999995
6,Franconville,48.98602499969581,2.2303498
7,Fréjus ,43.43303080054199,6.736018199999999
8,Fresnes ,48.75466869975318,2.3227967
9,Freyming,49.146943699656,6.818482899999999
10,Frontignan ,43.448761500542,3.7530636
11,Fuveau ,43.453899700542,5.560919700000001
12,Gagny ,48.88537079972073,2.5361783
13,Gaillac ,43.90167660053566,1.8967943000000003
14,Gaillard ,46.18384370031305,6.211168999999999
15,Gap ,44.56120320050416,6.082063899999999
16,Garches ,48.843748599731065,2.1853699
17,Gardanne ,43.455613000542,5.4710661
18,Garges,48.970384099699686,2.3990239999999994
19,Genas ,45.73305850038187,4.9965605
0,Gennevilliers ,48.92542209971082,2.2940121999999996
1,Gentilly ,48.81536559973811,2.3483549
2,Gérardmer ,48.07057719992082,6.877696499999999
3,Gerzat ,45.82504040036876,3.1435184999999994
4,Gex ,46.33243780028792,6.058883100000001
5,Gien ,47.691857500009995,2.6313888999999997
6,Gif,48.701882299766275,2.134529
7,Gisors ,49.278950399623554,1.7778259999999997
8,Givors ,45.58442380040199,4.7696529
9,Gonesse ,48.98635549969571,2.4500537
10,Gourdon ,44.7370240004912,1.3820574999999997
11,Goussainville ,49.03231679968433,2.4733628
12,Gradignan ,44.77397010048825,-0.6139069999999999
13,Grande,51.01348129924714,2.3029972
14,Granville ,48.83762839973261,-1.5959213
15,Grasse ,43.65890110054058,6.923910299999999
16,Graulhet ,43.75780000053901,1.99723
17,Gravelines ,50.987069699251684,2.1273117999999998
18,Gray ,47.4455642000658,5.5919867
19,Grigny ,48.655885999777674,2.3860487999999997
0,Gros,14.70995899987302,-61.00601069999999
1,Guérande ,47.3282126000917,-2.4298013999999997
2,Guéret ,46.16868650031556,1.8713349
3,Guidel ,47.789422599987375,-3.4914954999999996
4,Guilherand,44.93254500047454,4.870827499999999
5,Guillestre ,44.66166170049701,6.649772699999999
6,Guingamp ,48.561848299800914,-3.1502006999999996
7,Guipavas ,48.434636599832274,-4.400979000000001
8,Gujan,44.63386020049904,-1.0845304
9,Guyancourt ,48.77094139974913,2.0706084
10,Hagondange ,49.25403129962963,6.1678213
11,Halluin ,50.78266929928867,3.1249233999999997
12,Harnes ,50.447409999354925,2.9068246
13,Haubourdin ,50.60935539932211,2.9864420999999997
14,Hautmont ,50.251370399396485,3.9200610999999994
15,Hayange ,49.330435299610926,6.0636733
16,Hazebrouck ,50.72261129930004,2.5360331
17,Hellemmes ,50.62745279931855,3.1092154
18,Hem ,50.6540894993133,3.1839428999999995
19,Hendaye ,43.36415180054185,-1.7616499
0,Hénin,50.41943079936076,2.9469926
1,Hennebont ,47.80572239998357,-3.2751147
2,Herblay,48.989858799694865,2.166162
3,Héricourt ,47.57514290003669,6.762531199999999
4,Hérouville,49.203109699642155,-0.3353513
5,Hirson ,49.92034189947051,4.083718599999999
6,Honfleur ,49.419722199589195,0.2338889
7,Houilles ,48.922941599711436,2.1868998
8,Hyères ,43.120257300539116,6.1301614
9,Ifs ,49.141239299657414,-0.3506968999999999
10,Igny ,48.74239609975623,2.2257833
11,Irun ,43.336597401141404,-1.793361775204818
12,Issoire ,45.54329730040733,3.2502212999999998
13,Issoudun ,46.94778260017191,1.9889131000000002
14,Issy,48.82505079973571,2.2734569999999996
15,Istres ,43.513905100541834,4.9884323
16,Ivry,48.8122301997389,2.3872524999999998
17,Jarny ,49.15695859965354,5.8821708
18,Jarville,48.673537499773275,6.2023462
19,Jeumont ,50.297101199386624,4.0996569
0,Joigny ,47.98124859994215,3.3995767000000003
1,Joinville ,48.44332529983015,5.1377537
2,Joinville,48.81837169973739,2.4668076999999995
3,Jonzac ,45.445446900419626,-0.43209839999999994
4,Joué,47.35109050008669,0.6622523999999999
5,Jouy,49.011599999689466,2.03194
6,Juvignac ,43.61407840054109,3.8101646000000002
7,Juvisy,48.69040629976911,2.3738089999999996
8,Kani,-12.956496100207309,45.1054296
9,Kawéni ,-12.772728000189415,45.224798899999996
10,Koungou ,-12.735753000185786,45.2067459
11,Kourou ,5.158119699495606,-52.64263
12,La Baule,47.284372600101236,-2.3951595
13,La Celle,48.84787529973004,2.136145
14,La Chapelle,48.31854779986071,4.041309499999999
15,La Chapelle,47.88698219996449,1.8398174000000003
16,La Chapelle,47.29968460009792,-1.5518632
17,La Châtre ,46.58156780024317,1.9892292
18,La Ciotat ,43.175859100540045,5.606249499999999
19,La Courneuve ,48.92672359971051,2.3896122999999996
0,La Crau ,43.149703400539636,6.073705300000001
1,La Ferté,48.18605759989295,0.6554511
2,La Flèche ,47.696840800008836,-0.07461489999999998
3,La Garde ,43.1249185005392,6.0128532
4,La Garenne,48.9069348997154,2.2465747999999994
5,Lagny,48.877301799722765,2.7056056
6,L,48.76517129975056,0.6278039
7,La Londe,43.13813130053943,6.235534599999999
8,La Madeleine ,50.65440099931325,3.0733338
9,Lamballe ,48.468805799823855,-2.5174410999999997
10,Lambersart ,50.64779239931453,3.0223644
11,Lamentin ,16.27034230005536,-61.6303025
12,La Motte,45.598411300400166,5.8767935
13,Landerneau ,48.45148029982812,-4.255790099999999
14,Landivisiau ,48.512755099813035,-4.0699356
15,Lanester ,47.76397259999331,-3.3444488999999997
16,La Neuville,49.54994676089836,2.752548292441126
17,Langon ,44.55306590050471,-0.24492740000000002
18,Langres ,47.86556379996953,5.3314162
19,Lannion ,48.73221829975874,-3.4587993999999997
0,Laon ,49.56466499955419,3.620686
1,La Plaine des Palmistes ,-21.136063800292803,55.639954499999995
2,La Possession ,-20.926965800313482,55.336275799999996
3,La Queue,48.790333799744346,2.5749322999999995
4,La Riche ,47.38140000008002,0.637919
5,La Rivière ,-21.263560300279664,55.4385678
6,La Roche,46.06721890033196,6.312165799999999
7,La Roche,46.670543100226446,-1.4269697999999997
8,La Seyne,43.10077140053877,5.8788948
9,La Souterraine ,46.23833470030398,1.4861386999999997
10,La Teste,44.631694300499205,-1.1491318999999998
11,La Trinité ,14.73803989987633,-60.9645707
12,La Trinité ,43.74313960053927,7.313422300000001
13,Lattes ,43.565399300541536,3.9017114000000004
14,Laval ,48.07066869992078,-0.7734022
15,La Valette,43.13782450053944,5.983465399999999
16,Lavaur ,43.69893320054001,1.8151870000000003
17,Laxou ,48.68487089977048,6.152223199999999
18,Le Blanc ,46.633292000233496,1.062694
19,Le Blanc,48.93854889970756,2.4631475999999997
0,Le Bourget ,48.93514029970841,2.4258354
1,Le Bouscat ,44.866175500480466,-0.5992399
2,Le Cannet ,43.57610760054145,7.0191865
3,Le Chambon,45.39665460042555,4.3247696
4,Le Chesnay ,48.827850599735015,2.1319603
5,Le Creusot ,46.80540640020037,4.4285961
6,Lectoure ,43.9352778005347,0.6219444
7,Le François ,14.614995199861825,-60.9028968
8,Le Gosier ,16.207211200048203,-61.49313089999998
9,Le Grand,49.406898599592296,1.0507925999999999
10,Le Haillan ,44.87210500047994,-0.6761661
11,Le Kremlin,48.812589299738804,2.3570028
12,Le Lamentin ,14.61455699986177,-61.00181450000001
13,Le Marin ,14.471077799844908,-60.870212
14,Le Mée,48.538185899806756,2.6335912
15,Le Molay,49.24264469963244,-0.8711322
16,Le Moule ,16.331670900062285,-61.347623299999995
17,Lens ,50.42917229935872,2.8319804999999993
18,Léognan ,44.72944740049181,-0.5997267
19,Le Pecq ,48.89767159971769,2.1026594
0,Le Perreux,48.84062699973186,2.5077111
1,Le Petit,49.423799999588205,1.06208
2,Le Pian,44.95490010047249,-0.6683986
3,Le Plessis,48.78110489974662,2.2619632
4,Le Plessis,48.809152799739664,2.5732616
5,Le Pont,45.12368370045597,5.697813599999999
6,Le Pontet ,43.962185800533895,4.8602588
7,Le Pradet ,43.10376080053882,6.0223774
8,Le Pré,48.88305649972132,2.4040110999999995
9,Le Puy,45.0459739004638,3.8855537
10,Le Raincy ,48.89866659971746,2.5155626
11,Le Relecq,48.40755139983893,-4.3965573
12,Le Robert ,14.677614399869203,-60.939021
13,Les Abymes ,16.270643600055397,-61.505774900000006
14,Les Avirons ,-21.242358200281878,55.335791099999994
15,Les Clayes,48.82144779973663,1.9871825
16,Les Herbiers ,46.8714322001873,-1.0150302
17,Les Lilas ,48.87956579972221,2.415796
18,Les Mureaux ,48.99315779969403,1.909928
19,Les Pavillons,48.90829879971507,2.5034999
0,Les Pennes,43.409882200541986,5.3090324
1,Les Ponts,47.42869620006958,-0.5270662
2,Les Sables,46.499050500258335,-1.7767858999999997
3,Les Ulis ,48.681707999771255,2.1701573
4,Le Taillan,44.90440490047709,-0.6693402
5,Le Tampon ,-21.277428500278212,55.51641779999999
6,L,-21.265781900279435,55.3668941
7,Le Touquet,50.52112019933981,1.5909324999999999
8,Levallois,48.89295599971885,2.2881682999999997
9,Le Vauclin ,14.545294099853622,-60.8398929
10,Le Vésinet ,48.89425399971856,2.1347291
11,Lézignan,43.2008841005404,2.7574981
12,L,48.77905139974713,2.3373021000000005
13,Libourne ,44.913374200476284,-0.2427217
14,Lieusaint ,48.63166079978365,2.5514783
15,Liévin ,50.424499999359696,2.7738
16,Ligne des Bambous ,-21.29600170027626,55.4960273
17,Lillers ,50.560599999331856,2.47604
18,Limay ,48.99210149969429,1.7353686
19,Limeil,48.748985699754584,2.4809129
0,Limoux ,43.05380680053781,2.2176533
1,Lisieux ,49.146083099656224,0.22551679999999996
2,L,49.11252939966451,2.2186324
3,L,45.6230017003969,5.229839799999999
4,L,43.614444400541096,1.0816667
5,L,43.91853540053519,5.0515385
6,Livry,48.91733499971284,2.5298854
7,Loches ,47.12816920013461,0.9979549
8,Lodève ,43.731060000539486,3.3189199999999994
9,Lognes ,48.83841569973241,2.632722
10,Lomme ,50.645702199314954,2.9870927
11,Longjumeau ,48.694379299768116,2.2953297
12,Longuenesse ,50.737099999297264,2.24833
13,Longuyon ,49.446106599582784,5.600731999999999
14,Longwy ,49.51455639956624,5.7679082
15,Lons ,43.31540790054158,-0.40976369999999995
16,Lons,46.67270370022604,5.5589973
17,Loos ,50.60920819932213,3.0162523
18,Lorient ,47.74773359999707,-3.3660906999999995
19,Lormont ,44.87917080047933,-0.5216682999999999
0,Loudéac ,48.17625339989534,-2.7535643999999997
1,Louhans ,46.62914250023429,5.223217499999999
2,Lourdes ,43.09409040053864,-0.04649749999999999
3,Louviers ,49.21572449963906,1.1646335
4,Louvres ,49.044913899681205,2.5096751
5,Lucé ,48.436469599831824,1.4628645
6,Luçon ,46.4555953002662,-1.1645595
7,Lunel ,43.67452650054036,4.134806200000001
8,Lunéville ,48.59161639979357,6.491956299999999
9,L,43.65015180054069,1.4846885
10,Lure ,47.686337600011264,6.494680599999999
11,Luxeuil,47.8171769999809,6.380886499999999
12,Lys,50.67129999930996,3.21621
13,Mâcon ,46.30366830029287,4.832226599999999
14,Magny,48.72405099976078,2.0839561999999994
15,Mainvilliers ,48.44893819982875,1.4580047
16,Maisons,48.80120449974163,2.4309702999999994
17,Maisons,48.94614369970568,2.1450951
18,Maizières,49.21025199964041,6.1600345
19,Majicavo,-12.744249500186617,45.21908019999999
0,Malakoff ,48.82115589973669,2.3019814
1,Mamers ,48.35059319985289,0.36963759999999996
2,Mamoudzou ,-12.780416900190167,45.22791839999999
3,Mandelieu,43.54391530054168,6.935913499999999
4,Manosque ,43.83380260053739,5.7826657
5,Mantes,48.98919709969502,1.7140682999999999
6,Mantes,48.97489379969855,1.7109449
7,Marange,49.21607709963899,6.116416399999999
8,Marcq,50.676701799308894,3.1043032000000004
9,Marignane ,43.416272900542,5.2146275
10,Marly ,49.06002409967748,6.154571899999999
11,Marly ,50.35007469937533,3.5435909
12,Marly,48.868176199725006,2.0965934999999996
13,Marmande ,44.500793900508164,0.164274
14,Maromme ,49.476736999575365,1.0308207999999999
15,Marquette,50.67609679930902,3.0647175
16,Martignas,44.840536400482684,-0.7761489000000001
17,Martigues ,43.40572790054198,5.054817600000001
18,Marvejols ,44.5532621005047,3.2901135
19,Massy ,48.730157999759264,2.2766734999999994
0,Matoury ,4.849671199517781,-52.326869499999994
1,Maubeuge ,50.27964169939039,3.9674127
2,Mauguio ,43.615482500541084,4.009836599999999
3,Mauléon,43.223337300540685,-0.8885873
4,Maurepas ,48.76187349975136,1.9451480000000003
5,Mauriac ,45.21782850044599,2.331882
6,Mayenne ,48.30442179986418,-0.6179871
7,Mazamet ,43.49023170054193,2.3764363
8,Meaux ,48.95827079970268,2.8773541
9,Melun ,48.539926999806326,2.6608169
10,Mende ,44.51802260050706,3.4991056999999994
11,Mennecy ,48.56666449979973,2.4347044
12,Menton ,43.77534950053867,7.502921300000001
13,Méricourt ,50.40158029936446,2.8664217
14,Mérignac ,44.842236100482545,-0.6469599
15,Méru ,49.23619779963404,2.1355087
16,Meudon ,48.812668799738766,2.2385431999999996
17,Meylan ,45.209247100446916,5.781198299999999
18,Meyrin ,46.22832260030566,6.071201599999999
19,Meyzieu ,45.776463700375764,5.0044767
0,Mèze ,43.42459850054201,3.5988383
1,Millau ,44.100669300528985,3.0777594
2,Mimizan ,44.20197960052465,-1.2309277999999997
3,Mions ,45.663896300391386,4.9570975
4,Miramas ,43.582733000541396,5.0025809
5,Mirande ,43.51432440054184,0.40414729999999993
6,Mirecourt ,48.300530199865136,6.131297399999999
7,Miribel ,45.82352270036898,4.952852499999999
8,Mitry,48.983967399696304,2.6183971
9,Moissac ,44.10508860052881,1.0846682
10,Moissy,48.627229799784764,2.5937072999999997
11,Mondelange ,49.26195429962771,6.168332
12,Mondeville ,49.17710379964858,-0.3202230999999999
13,Mons,50.64285469931549,3.1093515999999997
14,Montaigu ,46.97617930016613,-1.312169
15,Montargis ,47.99786279993821,2.7310071999999996
16,Montataire ,49.25613109962914,2.4342569
17,Montauban ,44.01758350053206,1.3549991
18,Montbard ,47.62416740002553,4.3373194
19,Montbéliard ,47.51023680005135,6.7977564
0,Montbrison ,45.60728750039899,4.0627318
1,Montceau,46.67404550022577,4.3631681
2,Mont,43.89113180053594,-0.500972
3,Montélimar ,44.55793910050438,4.750318
4,Montereau,48.38496469984446,2.9557005999999997
5,Montesson ,48.907642099715225,2.1492681
6,Monteux ,44.03492810053145,4.9968733
7,Montfermeil ,48.899267899717316,2.5660398999999994
8,Montgeron ,48.70388729976575,2.4605106999999995
9,Montigny,50.42689999935921,2.9298800000000003
10,Montigny,48.769893699749396,2.0381228
11,Montigny,48.995911299693354,2.1989225
12,Montigny,49.09998319966758,6.153041
13,Montivilliers ,49.54564349955874,0.192418
14,Montlouis,47.38810230007854,0.8269289
15,Montluçon ,46.33992760028663,2.6067229
16,Montmagny ,48.972857099699056,2.343561
17,Montmorency ,48.98916929969501,2.3197111
18,Montrouge ,48.818854399737255,2.3194374999999994
19,Mont,49.46789999957751,1.0813000000000001
0,Morangis ,48.70229559976616,2.3367599
1,Morez ,46.52032850025445,6.023548599999999
2,Morlaix ,48.58249319979582,-3.833197199999999
3,Morne,16.331117500062227,-61.457923699999995
4,Morsang,48.664141499775624,2.3527727999999994
5,Mortagne,48.52051059981111,0.5501095
6,Morteau ,47.05693670014951,6.6047189
7,Mouans,43.62038520054103,6.9703991
8,Mougins ,43.60088980054123,6.9963543
9,Moulins ,46.56605260024607,3.3331703
10,Mouvaux ,50.70289999930383,3.13689
11,Moyeuvre,49.25144369963028,6.045398199999999
12,M,-12.760194100188183,45.08768919999999
13,Muret ,43.459985800541986,1.3262331999999997
14,Mussidan ,45.03695090046468,0.3642959
15,Nanterre ,48.89242729971899,2.2071267
16,Narbonne ,43.183766100540154,3.0042120999999997
17,Nemours ,48.26802599987306,2.6953079
18,Nérac ,44.13539790052756,0.3392503
19,Neufchâteau ,48.35530139985174,5.6948571
0,Neuilly,48.860871199726816,2.5060144
1,Neuilly,48.85655569972791,2.5290045
2,Neuilly,48.88468299972092,2.2695658
3,Neuville,50.75027009929478,3.1525134999999995
4,Nevers ,46.987660100163794,3.1577203
5,Niort ,46.32411320028935,-0.4649402999999999
6,Nœux,50.47539999934916,2.6621899
7,Nogaro ,43.75916670053897,-0.0327778
8,Nogent,48.32180899985994,0.8211487999999999
9,Nogent,48.838800899732284,2.4917291999999995
10,Nogent,49.274471099624655,2.4676727000000005
11,Noisiel ,48.8457346997306,2.6200032000000006
12,Noisy,48.84939719972968,2.5519570999999996
13,Noisy,48.88977509971967,2.4516055
14,Nontron ,45.52930740040913,0.6622534999999999
15,Noyelles,50.41976899936069,2.9964589999999998
16,Noyon ,49.58055609955038,3.0000287999999995
17,Oiapoque ,3.8432127996015373,-51.835079799999995
18,Oignies ,50.46429999935145,2.99387
19,Oissel ,49.34243749960802,1.0957097999999998
0,Olivet ,47.86509839996965,1.9015752
1,Ollioules ,43.13972050053947,5.8483538
2,Oloron,43.192240800540276,-0.6115586
3,Onnaing ,50.387076899367514,3.6011231
4,Orange ,44.137131100527476,4.807878299999999
5,Orbec ,49.022222199686844,0.4075
6,Orly ,48.74316829975603,2.4023909999999997
7,Ormesson,48.785640999745496,2.5483998
8,Orsay ,48.699183999766944,2.1874570000000007
9,Orthez ,43.487496300541935,-0.7738362999999999
10,Orvault ,47.27112170010408,-1.623206
11,Osny ,49.066048699675996,2.0614598
12,Ouangani ,-12.850130800196984,45.13990660000001
13,Ouistreham ,49.27735619962395,-0.2579265
14,Oullins ,45.71532540038432,4.803933099999999
15,Outreau ,50.70369159930368,1.5845683999999998
16,Oyonnax ,46.25751740030074,5.6556181
17,Ozoir,48.762090399751344,2.6719420999999994
18,Pacé ,48.146572599902505,-1.7728997
19,Palaiseau ,48.714458699763135,2.2453842000000006
0,Pamandzi ,-12.798344600191923,45.27465149999999
1,Pamiers ,43.11475150053903,1.6082176999999998
2,Panazol ,45.83699710036702,1.3059422
3,Pantin ,48.896502299718,2.4019804
4,Paray,46.4505590002671,4.117795900000001
5,Parempuyre ,44.94853790047309,-0.6052708
6,Parthenay ,46.6481266002307,-0.24726869999999998
7,Passy ,45.9234886003542,6.6859905
8,Périgueux ,45.1909365004489,0.7184406999999999
9,Pernes,43.99846270053271,5.059255
10,Péronne ,49.9289577994685,2.9321899
11,Persan ,49.15121089965498,2.2765575
12,Pertuis ,43.69514680054007,5.5032671
13,Pessac ,44.805615000485645,-0.6308396
14,Petit,16.1913912000464,-61.590348799999994
15,Petite,-21.35388840027012,55.5646526
16,Pierrefitte,48.96375889970132,2.3601021999999996
17,Pierrelatte ,44.377847400515606,4.6976609
18,Plaisance,43.56530120054153,1.2978343000000003
19,Plaisir ,48.81739899973762,1.9476363000000003
0,Plan,43.34600290054176,5.4618046
1,Plérin ,48.53488169980757,-2.7695752
2,Plœmeur ,47.73545909999992,-3.4270533999999997
3,Ploërmel ,47.932378599953765,-2.3980799999999998
4,Ploufragan ,48.48934319981881,-2.7933133
5,Plougastel,48.37423169984709,-4.369679
6,Plouzané ,48.38171649984527,-4.621204399999999
7,Pointe,16.240863600052023,-61.533407699999984
8,Poissy ,48.92743899971032,2.0428293
9,Pont,48.90259459971648,6.054769099999999
10,Pontarlier ,46.90403480018074,6.3546345
11,Pont,49.3510903996059,0.5213177
12,Pontault,48.80091319974169,2.6068064
13,Pontchâteau ,47.43733740006764,-2.0880233
14,Pont,45.7971315003728,3.2492577
15,Pontivy ,48.064772899922204,-2.9675701999999995
16,Pont,49.28595379962182,0.18416779999999996
17,Pontoise ,49.05088449967973,2.1008067
18,Pont,49.30124829961807,2.6045837999999994
19,Pont,44.253858900522175,4.6456631
0,Pornic ,47.11526950013733,-2.1040102
1,Pornichet ,47.2613293001062,-2.3364238
2,Port,43.40309800054197,4.9806998
3,Portes,44.875343400479665,4.877493599999999
4,Porto,41.592109100452454,9.2761531
5,Privas ,44.73527080049135,4.598673300000001
6,Provins ,48.560295899801304,3.2988088999999996
7,Puteaux ,48.884152199721065,2.2368863
8,Puy,44.502502035265316,1.140525425617148
9,Quetigny ,47.3125861000951,5.116269399999999
10,Quimper ,47.99603249993864,-4.102478199999999
11,Quimperlé ,47.869288199968665,-3.5505644000000003
12,Raismes ,50.39163129936657,3.4823888
13,Rambouillet ,48.64528509978028,1.8192070000000002
14,Ramonville,43.546053300541665,1.4749101
15,Redon ,47.65106820001937,-2.0842143
16,Remiremont ,48.0158950999339,6.591261499999999
17,Rémire,4.905014799513669,-52.277164199999994
18,Rethel ,49.50914469956754,4.3666467
19,Revel ,43.458210200542,2.0055889999999996
0,Rezé ,47.1905456001214,-1.5695287000000002
1,Ribérac ,45.24780330044271,0.33980939999999993
2,Rillieux,45.82351400036899,4.8994366
3,Riom ,45.89306800035875,3.1136667
4,Riorges ,46.04375040033566,4.0337193
5,Ris,48.653875399778144,2.4151151
6,Rive,45.528840100409184,4.6187385999999995
7,Rivière,14.486951199846766,-60.9032777
8,Rivière,14.527673099851555,-60.97878719999999
9,Roanne ,46.03455720033711,4.0729178
10,Rochefort ,45.94384120035111,-0.9687519000000001
11,Rodez ,44.3513062005171,2.5727883
12,Rognac ,43.48723410054193,5.234290299999999
13,Roissy,48.79037869974431,2.6545195
14,Romainville ,48.88529579972078,2.4358326
15,Romans,45.045888600463805,5.0528681
16,Rombas ,49.251504799630275,6.0938369
17,Romilly,48.51957339981135,3.7264161000000002
18,Romorantin,47.35921820008491,1.7434925
19,Ronchin ,50.60567489932283,3.0778826999999995
0,Roncq ,50.75312319929423,3.1209015999999994
1,Roquebrune,43.76410470053888,7.4565697
2,Roquebrune,43.443356500541995,6.6363623
3,Rosny,48.87166259972417,2.4875193
4,Roubaix ,50.691589299306,3.1741734
5,Royan ,45.624533200396684,-1.0287636
6,Roye ,49.698618599522256,2.7930755000000005
7,Rueil,48.87777999972263,2.1802831999999994
8,Ruffec ,46.02870570033804,0.1994619
9,Rumilly ,45.867625400362535,5.942859099999999
10,Sablé,47.840071199975526,-0.3352048
11,Sada ,-12.851828900197145,45.0993169
12,Saint,43.958003500534005,2.8866641
13,Saint,50.44915189935456,3.4281141999999996
14,Saint,46.72270620021646,2.5046503
15,Saint,-20.96063330031023,55.649273099999995
16,Saint,48.27845989987051,4.0507314
17,Saint,50.660799999312,3.0446799999999996
18,Saint,47.33407040009042,5.0821629
19,Saint,47.69038490001033,-2.7358875
0,Saint,47.35770000008523,0.7399229999999999
1,Saint,49.10433969966652,6.7071754
2,Saint,47.46830810006076,-0.4932940999999999
3,Saint,-21.03318800030311,55.713150799999994
4,Saint,48.997382399692974,2.3568947999999996
5,Saint,48.51411339981269,-2.7603283
6,Saint,45.47482980041599,4.5098046
7,Saint,44.801136300486014,3.2757823999999998
8,Saint,46.38779890027824,5.864150099999999
9,Saint,16.025480500027427,-61.6981469
10,Saint,48.843741199731056,2.219344
11,Saint,42.61764790052323,3.0043727999999996
12,Saint,48.79970799974201,2.0672138
13,Saint,47.405244800074755,0.6658199
14,Saint,43.18100870054012,5.711516
15,Saint,48.287315299868354,6.9477708
16,Saint,48.6371124997823,4.9473513
17,Sainte,16.225685000050298,-61.3859128
18,Sainte,45.736225500381444,4.793476699999999
19,Sainte,48.6407871997814,2.3259128999999996
0,Saint,45.232507900444375,5.681780999999999
1,Sainte,14.468280999844579,-60.9214796
2,Sainte,47.2493864001088,-1.4865339
3,Sainte,14.783269999881668,-60.993035500000005
4,Sainte,-20.896860200316368,55.551733999999996
5,Sainte,43.308710000541524,6.637714
6,Sainte,49.09041919966996,4.8967637
7,Sainte,16.332735300062406,-61.698147000000006
8,Sainte,-21.127744500293648,55.792299899999996
9,Saintes ,45.74606630038004,-0.6300671
10,Saint,14.562272899855621,-60.9326931
11,Saint,42.71002870052715,2.8456715
12,Sainte,-20.904284500315658,55.6061193
13,Saint,43.17689100054005,-1.343027
14,Saint,47.2739351001035,-1.7810546
15,Saint,49.383099999598095,1.0916300000000003
16,Saint,48.53612149980726,2.5273470999999996
17,Saint,45.03349490046502,3.0931009
18,Saint,45.70010000038644,4.849349999999999
19,Saint,16.253200200053417,-61.2750706
0,Saint,43.1077682005389,0.7247218
1,Saint,45.695002100387164,4.7928827
2,Saint,46.24400830030302,6.025316199999999
3,Saint,48.899041299717354,2.0942791999999995
4,Saint,43.677007000540335,4.4318488
5,Saint,-21.05265840030118,55.2190297
6,Saint,42.98418650053617,1.1464455
7,Saint,48.97036639969968,2.2840638999999996
8,Saint,48.152412899901094,-1.6853980000000002
9,Saint,47.223300700114414,-1.6346964
10,Saint,46.7219444002166,-1.9441667000000002
11,Saint,48.57677059979725,-1.0927364
12,Saint,48.08064359991837,-1.7135028999999997
13,Saint,43.66503910054049,1.5039251999999999
14,Saint,45.94459580035102,-0.5195756
15,Saint,47.9200017999567,1.9737186000000002
16,Saint,47.9098023999591,1.8717431
17,Saint,43.387076300541935,-1.6635695
18,Saint,45.27752580043937,6.3453329
19,Saint,43.575179100541455,3.8264197
0,Saint,43.16295280053985,-1.2380527999999997
1,Saint,14.670405999868352,-61.038470799999985
2,Saint,-21.378930600267438,55.61906450000001
3,Saint,46.144478900319534,6.0812466999999994
4,Saint,48.27214919987205,4.0979239
5,Saint,45.88722220035963,0.9011111
6,Saint,45.499463900412906,4.242375899999999
7,Saint,42.773211400529576,2.9891635000000005
8,Saint,5.498857999473271,-54.03095020000001
9,Saint,43.66901010054044,7.190696899999999
10,Saint,-21.167769400289572,55.2881932
11,Saint,49.0212000996871,2.2480798999999996
12,Saint,49.11570039966372,-1.0906637
13,Saint,-21.284012400277522,55.41359620000001
14,Saint,48.64545279978024,-2.015418
15,Saint,48.843263299731206,2.4185126
16,Saint,50.72589319929942,1.6338669999999997
17,Saint,43.63842470054084,4.810292699999999
18,Saint,45.18366830044965,5.754479999999999
19,Saint,48.8033056997411,2.4853014999999994
0,Saint,48.81761109973755,2.4420701999999994
1,Saint,48.61215087171987,-0.39049435740028754
2,Saint,43.45220530054201,5.862294000000001
3,Saint,44.89588870047785,-0.7170764
4,Saint,48.630273499783996,2.3027478
5,Saint,47.27335170010361,-2.2138905
6,Saint,50.75157709929453,2.2534182999999994
7,Saint,43.55198470054164,1.5339526000000003
8,Saint,49.04476499968126,2.1059841
9,Saint,48.9117289997142,2.334267
10,Saint,43.327343800541655,-1.0345115
11,Saint,-21.000609900306323,55.2771585
12,Saint,43.72531620053958,-1.0515490999999997
13,Saint,-21.3606197002694,55.7660672
14,Saint,-21.341298000271458,55.47761739999999
15,Saint,47.38981520007818,0.7189760999999999
16,Saint,48.61378669978808,2.5053809999999994
17,Saint,49.019228399687584,-0.0333457
18,Saint,45.69653470038693,4.944163499999999
19,Saint,49.84652529948758,3.2876843
0,Saint,43.425530300542,6.769424399999999
1,Saint,43.788578200538396,4.831749799999999
2,Saint,50.37101649937092,3.5547336
3,Saint,47.20350290011863,-1.4992074999999998
4,Saint,46.641346200231986,4.371751599999999
5,Saint,43.66048370054056,-1.3029669
6,Saint,45.512749400411224,1.2033137999999999
7,Sallanches ,45.93612460035229,6.630255099999999
8,Sallaumines ,50.42054349936053,2.8591237999999994
9,Salon de Provence ,43.64052370054081,5.0980225
10,Sanary,43.11772380053908,5.800883899999999
11,Sannois ,48.97172669969934,2.2568296
12,Saran ,47.94940389994972,1.8764208999999998
13,Sarcelles ,48.99608129969331,2.3796245000000003
14,Sarlat,44.88794310047855,1.2161321
15,Sarrebourg ,48.73423899975823,7.0557352
16,Sarreguemines ,49.10948359966525,7.070886499999999
17,Sartrouville ,48.940901599706976,2.1585037
18,Sassenage ,45.20660780044721,5.6629992
19,Saumur ,47.259622400106586,-0.0785177
0,Savigny,48.595868099792504,2.5798953
1,Savigny,48.67945719977183,2.3458417
2,Sceaux ,48.77905919974714,2.2886619
3,Schœlcher ,14.616945099862058,-61.100455899999986
4,Seclin ,50.545210199334946,3.0252818999999995
5,Sedan ,49.703375899521106,4.9433409
6,Semur,47.49021490005583,4.3328705
7,Senlis ,49.20654039964135,2.5846582
8,Sens ,48.1978558998901,3.2826059999999995
9,Septèmes,43.398952900541964,5.366396499999999
10,Sète ,43.401443400541964,3.6959770999999995
11,Sevran ,48.93763399970779,2.5298164
12,Sèvres ,48.824740699735784,2.2127083
13,Seyssinet,45.17907680045016,5.6899617
14,Sézanne ,48.724875199760554,3.7263127
15,Sin,50.3644330993723,3.1117294999999996
16,Sisteron ,44.19634670052489,5.9443791
17,Six,43.093510500538635,5.839395299999999
18,Soissons ,49.383762099597924,3.327613
19,Soisy,48.987504399695425,2.3002884999999997
0,Somain ,50.35892369937347,3.2810971999999996
1,Sorgues ,44.00664030053243,4.8725016
2,Sotteville,49.4151548995903,1.089746
3,Stains ,48.95656689970309,2.3825153999999995
4,Stiring,49.20114319964266,6.9276846
5,Sucy,48.77113229974909,2.5221284
6,Suresnes ,48.87109939972429,2.2283997
7,Talange ,49.23689549963388,6.173694099999999
8,Talant ,47.33596170008999,5.004764099999999
9,Talence ,44.80884380048536,-0.5879628999999998
10,Tarare ,45.894255500358575,4.4371374
11,Tarascon ,43.80536540053804,4.6585114999999995
12,Tarbes ,43.232858000540794,0.0781021
13,Tarnos ,43.5405622005417,-1.4611915
14,Tassin,45.75983860037811,4.7657747
15,Taverny ,49.02658879968573,2.2234970999999994
16,Tergnier ,49.65584649953239,3.2918511
17,Terville ,49.34499859960738,6.134391399999999
18,Thiais ,48.76436639975076,2.391024
19,Thiers ,45.855795000364274,3.5489707
0,Thionville ,49.35792719960423,6.1675872
1,Thonon,46.37313030028083,6.4779447999999995
2,Thouaré,47.26688240010501,-1.4410916
3,Thouars ,46.97901930016554,-0.21537409999999999
4,Tinqueux ,49.247899999631166,3.986009999999999
5,Tonnerre ,47.856466199971685,3.9733033
6,Torcy ,48.85149999972916,2.65265
7,Toul ,48.676262399772604,5.8941759
8,Tourcoing ,50.72350379929987,3.1605713999999994
9,Tournefeuille ,43.582784600541395,1.3466543
10,Tournon,45.067515600461675,4.832852
11,Tournus ,46.56173730024686,4.9122425
12,Trappes ,48.77609569974786,1.9988356
13,Trélazé ,47.446067400065694,-0.4652451999999999
14,Tremblay,France,48.980203499697225
15,Trets ,43.44690810054201,5.6851424999999995
16,Triel,48.98092499969704,2.0030818
17,Trouville,49.3683332996017,0.08249999999999999
18,Tsingoni ,-12.789725200191079,45.1038055
19,Tulle ,45.26783470044047,1.7706797
0,Uckange ,49.3007648996182,6.158868399999999
1,Ussel ,45.54559100040704,2.3119396999999995
2,Ustaritz ,43.39876000054196,-1.4562207
3,Vaires,48.87328409972375,2.6398291999999994
4,Vaison,44.24076410052283,5.075736999999999
5,Valbonne ,43.64114100054079,7.008625499999999
6,Val,49.27168389962532,1.2128991999999998
7,Valence ,44.93322770047449,4.8920811
8,Valenciennes ,50.357931699373665,3.5234845999999997
9,Valentigney ,47.462292500062084,6.8308784
10,Valenton ,48.74431889975573,2.4699740999999995
11,Vallauris ,43.57610010054144,7.05859
12,Valognes ,49.508954699567596,-1.4708173999999998
13,Valréas ,44.385145500515186,4.990608899999999
14,Valréas ,44.385145500515186,4.990608899999999
15,Valserhône ,46.10764760032548,5.8261219
16,Vandœuvre,48.65996759977666,6.1724618
17,Vannes ,47.65867720001762,-2.7599079
18,Vanves ,48.821203699736685,2.2892589999999995
19,Vaulx,45.778425500375455,4.9206153
0,Vauréal ,49.030076299684886,2.0205772999999994
1,Vauvert ,43.69243820054012,4.2754772
2,Vaux,48.525554199809896,2.6831642
3,Veauche ,45.56229130040489,4.289239899999999
4,Vélizy,48.78094959974666,2.1900052
5,Vence ,43.72267040053962,7.111417499999999
6,Vendôme ,47.79344529998644,1.0662255999999999
7,Vénissieux ,45.69771090038677,4.8855965999999995
8,Verdun ,49.15892779965308,5.3867277
9,Verneuil,48.97920519969749,1.9756366999999995
10,Vernon ,49.091781399669635,1.4886571
11,Vernouillet ,48.71665449976261,1.3650921999999999
12,Verrières,48.746781899755135,2.2653844
13,Versailles ,48.803540299741044,2.1266886
14,Vertou ,47.168521100126064,-1.4722241999999999
15,Vesoul ,47.61973950002655,6.1544694
16,Vichy ,46.123926800322856,3.4203711999999995
17,Vidauban ,43.42731830054201,6.4314327
18,Vienne ,45.52524000040963,4.874769999999999
19,Vierzon ,47.221748900114726,2.0691421
0,Vieux,50.47242279934977,3.5675783999999995
1,Vigneux,48.69985519976678,2.4172116999999997
2,Villebon,48.700004599766736,2.2276489
3,Ville,48.82793619973501,2.1894240999999997
4,Villefontaine ,45.614003000398085,5.158057399999999
5,Villefranche,44.35176230051707,2.0375431
6,Villefranche,45.98647490034461,4.726611
7,Villejuif ,48.79210979974389,2.3633048000000003
8,Villemomble ,48.88188599972161,2.5076181
9,Villenave,44.77378720048826,-0.5595028999999999
10,Villeneuve,50.619317399320146,3.1314002
11,Villeneuve,48.93504879970843,2.3324726999999994
12,Villeneuve,48.73503079975803,2.4077003
13,Villeneuve,43.96365950053384,4.796922399999999
14,Villeneuve,43.53281170054174,3.8627227
15,Villeneuve,43.65799470054059,7.1217592
16,Villeneuve,48.73052719975916,2.4478199999999997
17,Villeneuve,44.40566150051402,0.7046455
18,Villeparisis ,48.939343999707354,2.6176193
19,Villepinte ,48.96365659970133,2.5347540999999993
0,Villers,49.254947899629435,3.0909274999999994
1,Villers,48.673134399773375,6.1536378
2,Villerupt ,49.46846799957738,5.9326783
3,Villetaneuse ,48.960967599702,2.3436609
4,Villiers,49.00749989969047,2.3880846999999994
5,Villiers,48.82620549973543,2.5406696
6,Vincennes ,48.84745079973016,2.4396714
7,Vire ,48.838519799732374,-0.8893292999999999
8,Viroflay ,48.79959509974204,2.1730571
9,Viry,48.67087289977396,2.3750351
10,Vitré ,48.124450299907835,-1.214331
11,Vitrolles ,43.459369600542,5.2482643
12,Vitry,48.72622249976023,4.585162199999999
13,Vitry,48.787599999745005,2.39164
14,Vittel ,48.20207169988907,5.9418851
15,Voiron ,45.36313860042953,5.591075099999999
16,Voisins,48.758664399752185,2.0510181999999997
17,Vouziers ,49.39808379959445,4.7003648
18,Wasquehal ,50.66915769931034,3.1312446999999994
19,Wattignies ,50.58787789932637,3.0511655
0,Wattrelos ,50.701601499304104,3.2153906999999995
1,Wervik ,50.778019599289536,3.0438360000000007
2,Woippy ,49.15158479965487,6.1519224
3,Yerres ,48.71681099976257,2.4879753
4,Yssingeaux ,45.143555600453915,4.1244363
5,Yutz ,49.361505799603364,6.191927599999999
6,Yvetot ,49.61793839954142,0.7538866
7,Yzeure ,46.567656800245764,3.3539774999999996
