,pro_id,activity
0,1557033,11719056437
1,1557033,11712215931
2,1557033,11706157793
3,1557033,11697250676
4,1557033,11696671988
5,1557033,11690219041
6,1557033,11687814965
7,1557033,11681467922
8,1557033,11680919235
9,1557033,11672899529
10,1557033,11776188163
11,1557033,11776168297
12,1557033,11777037458
13,1557033,11776415401
14,1557033,11776347326
15,1557033,11776205064
16,1557033,11776104807
17,1557033,11776217006
18,1557033,11776109819
19,1557033,11776744054
20,1557033,11776599299
21,1557033,11776098230
22,1557033,11776203695
23,1557033,11780040725
24,1557033,11776562560
25,1557033,11776520689
26,1557033,11779689541
27,1557033,11776257067
28,1557033,11776365494
29,1557033,11776439384
30,1557033,11776296152
31,1557033,11776453179
32,1557033,11776346227
33,1557033,11776494925
34,1557033,11776269455
35,1557033,11776470448
36,1557033,11768531058
37,1557033,11768832237
38,1557033,11769079487
39,1557033,11768501612
40,1557033,11768890993
41,1557033,11768628268
42,1557033,11769059125
43,1557033,11769877173
44,1557033,11768914715
45,1557033,11768955278
46,1557033,11769107856
47,1557033,11768707669
48,1557033,11772766637
49,1557033,11769004564
50,1557033,11768920484
51,1557033,11768703463
52,1557033,11768536329
53,1557033,11772271427
54,1557033,11768766941
55,1557033,11768786395
56,1557033,11768773056
57,1557033,11768741138
58,1557033,11768507848
59,1557033,11768768460
60,1557033,11768772747
61,1557033,11758624921
62,1557033,11758623896
63,1557033,11758649083
64,1557033,11758605659
65,1557033,11757869770
66,1557033,11751057407
67,1557033,11750952490
68,1557033,11750958101
69,1557033,11751011421
70,1557033,11750132278
71,1557033,11735854874
72,1557033,11733653413
73,1557033,11831401204
74,1557033,11831950792
75,1557033,11831503660
76,1557033,11831698120
77,1557033,11831867860
78,1557033,11831571318
79,1557033,11832689254
80,1557033,11831511308
81,1557033,11831794397
82,1557033,11831403867
83,1557033,11831863278
84,1557033,11831457756
85,1557033,11831508287
86,1557033,11831573379
87,1557033,11831589511
88,1557033,11823248222
89,1557033,11823031528
90,1557033,11823604770
91,1557033,11823034242
92,1557033,11823397143
93,1557033,11823568272
94,1557033,11823088214
95,1557033,11823116446
96,1557033,11823175624
97,1557033,11823413444
98,1557033,11823835974
99,1557033,11823128743
100,1557033,11823170834
101,1557033,11823137085
102,1557033,11823024085
103,1557033,11823011462
104,1557033,11823002171
105,1557033,11823248198
106,1557033,11823100919
107,1557033,11823208585
108,1557033,11823062913
109,1557033,11823177174
110,1557033,11823082235
111,1557033,11823071845
112,1557033,11823045648
113,1557033,11823222634
114,1557033,11823016594
115,1557033,11814696574
116,1557033,11815249336
117,1557033,11814696408
118,1557033,11807407785
119,1557033,11807754298
120,1557033,11808326492
121,1557033,11807419435
122,1557033,11807377612
123,1557033,11807415714
124,1557033,11807387405
125,1557033,11807734841
126,1557033,11807437355
127,1557033,11808153338
128,1557033,11807633270
129,1557033,11807402413
130,1557033,11807713349
131,1557033,11807437427
132,1557033,11807411167
133,1557033,11807427501
134,1557033,11807712977
135,1557033,11807587568
136,1557033,11807545579
137,1557033,11807372444
138,1557033,11807369962
139,1557033,11807933216
140,1557033,11807520715
141,1557033,11807591602
142,1557033,11807629728
143,1557033,11808532275
144,1557033,11807410127
145,1557033,11799335731
146,1557033,11799524111
147,1557033,11800000894
148,1557033,11799357451
149,1557033,11800515140
150,1557033,11799446205
151,1557033,11799401355
152,1557033,11799572582
153,1557033,11799405540
154,1557033,11799339102
155,1557033,11799376418
156,1557033,11799367282
157,1557033,11799341362
158,1557033,11799350703
159,1557033,11799627883
160,1557033,11799379706
161,1557033,11799550272
162,1557033,11799444728
163,1557033,11799666987
164,1557033,11799329388
165,1557033,11799447058
166,1557033,11799592698
167,1557033,11799621926
168,1557033,11799523293
169,1557033,11799359347
170,1557033,11799368798
171,1557033,11799454826
172,1557033,11799347611
173,1557033,11790918766
174,1557033,11790940423
175,1557033,11791347633
176,1557033,11791151166
177,1557033,11791032603
178,1557033,11791034947
179,1557033,11791322801
180,1557033,11790787881
181,1557033,11791343932
182,1557033,11790767158
183,1557033,11791103836
184,1557033,11790858955
185,1557033,11791292701
186,1557033,11790868213
187,1557033,11791227349
188,1557033,11790888267
189,1557033,11790767386
190,1557033,11790952883
191,1557033,11791126631
192,1557033,11790871353
193,1557033,11790977077
194,1557033,11790894424
195,1557033,11790848318
196,1557033,11790998589
197,1557033,11790875892
198,1557033,11790837469
199,1557033,11782716666
200,1557033,11782770400
201,1557033,11782971140
202,1557033,11782917983
203,1557033,11783027749
204,1557033,11782703893
205,1557033,11782918350
206,1557033,11782717005
207,1557033,11782708267
208,1557033,11782693403
209,1557033,11782695341
210,1557033,11782698518
211,1557033,11782776012
212,1557033,11782763220
213,1557033,11782768468
214,1557033,11782737027
215,1557033,11782768189
216,1557033,11782897109
217,1557033,11782717925
218,1557033,11782877886
219,1557033,11782767667
220,1557033,11888473406
221,1557033,11888026231
222,1557033,11888180488
223,1557033,11888051424
224,1557033,11879168103
225,1557033,11878904744
226,1557033,11879469168
227,1557033,11879115140
228,1557033,11879256600
229,1557033,11879555110
230,1557033,11879362900
231,1557033,11878996396
232,1557033,11879351588
233,1557033,11879690985
234,1557033,11879511801
235,1557033,11879124945
236,1557033,11879361344
237,1557033,11879079428
238,1557033,11879563739
239,1557033,11879366937
240,1557033,11879407750
241,1557033,11879184047
242,1557033,11870802819
243,1557033,11870843004
244,1557033,11872215807
245,1557033,11871165077
246,1557033,11870850418
247,1557033,11870744413
248,1557033,11870772577
249,1557033,11870730342
250,1557033,11870864475
251,1557033,11871045521
252,1557033,11871194742
253,1557033,11870722505
254,1557033,11870867293
255,1557033,11870910541
256,1557033,11870724741
257,1557033,11870832654
258,1557033,11870869197
259,1557033,11870717924
260,1557033,11870823663
261,1557033,11871543743
262,1557033,11870812168
263,1557033,11871403515
264,1557033,11871234533
265,1557033,11870713848
266,1557033,11870727781
267,1557033,11870903575
268,1557033,11870784335
269,1557033,11870827753
270,1557033,11870742015
271,1557033,11865443103
272,1557033,11863418959
273,1557033,11862954024
274,1557033,11863024468
275,1557033,11863065151
276,1557033,11869027073
277,1557033,11863444323
278,1557033,11863073275
279,1557033,11863113220
280,1557033,11863014556
281,1557033,11863315302
282,1557033,11862956428
283,1557033,11862983475
284,1557033,11863293505
285,1557033,11863110866
286,1557033,11863178768
287,1557033,11863245531
288,1557033,11862991229
289,1557033,11863366362
290,1557033,11862951582
291,1557033,11862968890
292,1557033,11862963019
293,1557033,11862995125
294,1557033,11863024334
295,1557033,11862968718
296,1557033,11862962932
297,1557033,11854830408
298,1557033,11855165192
299,1557033,11855207322
300,1557033,11854864775
301,1557033,11855156180
302,1557033,11854748215
303,1557033,11854985435
304,1557033,11854824386
305,1557033,11855145248
306,1557033,11855220316
307,1557033,11854832266
308,1557033,11855069786
309,1557033,11855686153
310,1557033,11854786092
311,1557033,11854729776
312,1557033,11854852266
313,1557033,11854776756
314,1557033,11855394263
315,1557033,11854878096
316,1557033,11855511196
317,1557033,11854869756
318,1557033,11854781914
319,1557033,11855107469
320,1557033,11855472774
321,1557033,11847114817
322,1557033,11847513628
323,1557033,11847034694
324,1557033,11846978028
325,1557033,11846978646
326,1557033,11847050498
327,1557033,11846981095
328,1557033,11847001766
329,1557033,11846965249
330,1557033,11847489927
331,1557033,11847010843
332,1557033,11847246799
333,1557033,11847048538
334,1557033,11847301183
335,1557033,11847050447
336,1557033,11847099556
337,1557033,11847627667
338,1557033,11846973666
339,1557033,11847165590
340,1557033,11847053171
341,1557033,11846981816
342,1557033,11846997128
343,1557033,11846980518
344,1557033,11847206871
345,1557033,11847275528
346,1557033,11844442093
347,1557033,11836820158
348,1557033,11945227234
349,1557033,11944652791
350,1557033,11937440281
351,1557033,11928183214
352,1557033,11928121935
353,1557033,11928357670
354,1557033,11930164386
355,1557033,11920093074
356,1557033,11920501239
357,1557033,11920111638
358,1557033,11920486806
359,1557033,11920090193
360,1557033,11920092940
361,1557033,11920157705
362,1557033,11920182477
363,1557033,11920204490
364,1557033,11920216929
365,1557033,11920117131
366,1557033,11920094686
367,1557033,11920084736
368,1557033,11920194220
369,1557033,11920085451
370,1557033,11920105292
371,1557033,11920328765
372,1557033,11911396229
373,1557033,11911464041
374,1557033,11911307492
375,1557033,11911396189
376,1557033,11911311097
377,1557033,11911637984
378,1557033,11911311404
379,1557033,11911424036
380,1557033,11911433741
381,1557033,11911292499
382,1557033,11911529444
383,1557033,11911560082
384,1557033,11911715063
385,1557033,11911413776
386,1557033,11911412130
387,1557033,11911432326
388,1557033,11911415648
389,1557033,11911341292
390,1557033,11911396715
391,1557033,11911327829
392,1557033,11911396823
393,1557033,11911580938
394,1557033,11911420272
395,1557033,11902988056
396,1557033,11903179618
397,1557033,11902913130
398,1557033,11902979795
399,1557033,11902972994
400,1557033,11902928477
401,1557033,11903257470
402,1557033,11903132583
403,1557033,11902915521
404,1557033,11903115761
405,1557033,11903105093
406,1557033,11903050328
407,1557033,11902981606
408,1557033,11902906394
409,1557033,11908247487
410,1557033,11903232756
411,1557033,11902996344
412,1557033,11903109343
413,1557033,11903015939
414,1557033,11903015779
415,1557033,11902955769
416,1557033,11903055859
417,1557033,11932626101
418,1557033,11893000179
